state,action,value
rnbqkbnr/pp1ppppp/8/2p5/5P2/P7/1PPPP1PP/RNBQKBNR b KQkq - 0 2,d7d5,-64
rnbqkbnr/pp2pppp/8/2pp4/5P2/P7/1PPPP1PP/RNBQKBNR w KQkq - 0 3,e2e3,-52
rnbqkbnr/pp2pppp/8/2pp4/5P2/P3P3/1PPP2PP/RNBQKBNR b KQkq - 0 3,g7g6,-42
rnbqkbnr/pp2pp1p/6p1/2pp4/5P2/P3P3/1PPP2PP/RNBQKBNR w KQkq - 0 4,d2d4,-37
rnbqkbnr/pp2pp1p/6p1/2pp4/3P1P2/P3P3/1PP3PP/RNBQKBNR b KQkq - 0 4,f8g7,-46
rnbqk1nr/pp2ppbp/6p1/2pp4/3P1P2/P3P3/1PP3PP/RNBQKBNR w KQkq - 1 5,f1d3,-47
rnbqk1nr/pp2ppbp/6p1/2pp4/3P1P2/P2BP3/1PP3PP/RNBQK1NR b KQkq - 2 5,g8h6,-56
rnbqk2r/pp2ppbp/6pn/2pp4/3P1P2/P2BP3/1PP3PP/RNBQK1NR w KQkq - 3 6,c2c3,-56
rnbqk2r/pp2ppbp/6pn/2pp4/3P1P2/P1PBP3/1P4PP/RNBQK1NR b KQkq - 0 6,e8g8,-51
rnbq1rk1/pp2ppbp/6pn/2pp4/3P1P2/P1PBP3/1P4PP/RNBQK1NR w KQ - 1 7,h2h3,-76
rnbq1rk1/pp2ppbp/6pn/2pp4/3P1P2/P1PBP2P/1P4P1/RNBQK1NR b KQ - 0 7,b8c6,-60
r1bq1rk1/pp2ppbp/2n3pn/2pp4/3P1P2/P1PBP2P/1P4P1/RNBQK1NR w KQ - 1 8,g1f3,-52
r1bq1rk1/pp2ppbp/2n3pn/2pp4/3P1P2/P1PBPN1P/1P4P1/RNBQK2R b KQ - 2 8,c5c4,-66
r1bq1rk1/pp2ppbp/2n3pn/3p4/2pP1P2/P1PBPN1P/1P4P1/RNBQK2R w KQ - 0 9,d3c2,-57
r1bq1rk1/pp2ppbp/2n3pn/3p4/2pP1P2/P1P1PN1P/1PB3P1/RNBQK2R b KQ - 1 9,c8f5,-80
r2q1rk1/pp2ppbp/2n3pn/3p1b2/2pP1P2/P1P1PN1P/1PB3P1/RNBQK2R w KQ - 2 10,e1g1,-63
r2q1rk1/pp2ppbp/2n3pn/3p1b2/2pP1P2/P1P1PN1P/1PB3P1/RNBQ1RK1 b - - 3 10,f5c2,-63
r2q1rk1/pp2ppbp/2n3pn/3p4/2pP1P2/P1P1PN1P/1Pb3P1/RNBQ1RK1 w - - 0 11,d1c2,-63
r2q1rk1/pp2ppbp/2n3pn/3p4/2pP1P2/P1P1PN1P/1PQ3P1/RNB2RK1 b - - 0 11,h6f5,-76
r2q1rk1/pp2ppbp/2n3p1/3p1n2/2pP1P2/P1P1PN1P/1PQ3P1/RNB2RK1 w - - 1 12,f1e1,-42
r2q1rk1/pp2ppbp/2n3p1/3p1n2/2pP1P2/P1P1PN1P/1PQ3P1/RNB1R1K1 b - - 2 12,f5d6,-55
r2q1rk1/pp2ppbp/2nn2p1/3p4/2pP1P2/P1P1PN1P/1PQ3P1/RNB1R1K1 w - - 3 13,b1d2,-49
r2q1rk1/pp2ppbp/2nn2p1/3p4/2pP1P2/P1P1PN1P/1PQN2P1/R1B1R1K1 b - - 4 13,f7f5,-23
r2q1rk1/pp2p1bp/2nn2p1/3p1p2/2pP1P2/P1P1PN1P/1PQN2P1/R1B1R1K1 w - - 0 14,b2b3,-37
r2q1rk1/pp2p1bp/2nn2p1/3p1p2/2pP1P2/PPP1PN1P/2QN2P1/R1B1R1K1 b - - 0 14,c4b3,-25
r2q1rk1/pp2p1bp/2nn2p1/3p1p2/3P1P2/PpP1PN1P/2QN2P1/R1B1R1K1 w - - 0 15,c2b3,-23
r2q1rk1/pp2p1bp/2nn2p1/3p1p2/3P1P2/PQP1PN1P/3N2P1/R1B1R1K1 b - - 0 15,e7e6,-30
r2q1rk1/pp4bp/2nnp1p1/3p1p2/3P1P2/PQP1PN1P/3N2P1/R1B1R1K1 w - - 0 16,a3a4,-30
r2q1rk1/pp4bp/2nnp1p1/3p1p2/P2P1P2/1QP1PN1P/3N2P1/R1B1R1K1 b - - 0 16,c6a5,-26
r2q1rk1/pp4bp/3np1p1/n2p1p2/P2P1P2/1QP1PN1P/3N2P1/R1B1R1K1 w - - 1 17,b3c2,-31
r2q1rk1/pp4bp/3np1p1/n2p1p2/P2P1P2/2P1PN1P/2QN2P1/R1B1R1K1 b - - 2 17,f8e8,-25
r2qr1k1/pp4bp/3np1p1/n2p1p2/P2P1P2/2P1PN1P/2QN2P1/R1B1R1K1 w - - 3 18,c1a3,-27
r2qr1k1/pp4bp/3np1p1/n2p1p2/P2P1P2/B1P1PN1P/2QN2P1/R3R1K1 b - - 4 18,a5c4,-26
r2qr1k1/pp4bp/3np1p1/3p1p2/P1nP1P2/B1P1PN1P/2QN2P1/R3R1K1 w - - 5 19,a3d6,-27
r2qr1k1/pp4bp/3Bp1p1/3p1p2/P1nP1P2/2P1PN1P/2QN2P1/R3R1K1 b - - 0 19,c4d6,-56
r2qr1k1/pp4bp/3np1p1/3p1p2/P2P1P2/2P1PN1P/2QN2P1/R3R1K1 w - - 0 20,e1b1,-63
r2qr1k1/pp4bp/3np1p1/3p1p2/P2P1P2/2P1PN1P/2QN2P1/RR4K1 b - - 1 20,a8c8,-65
2rqr1k1/pp4bp/3np1p1/3p1p2/P2P1P2/2P1PN1P/2QN2P1/RR4K1 w - - 2 21,a4a5,-54
2rqr1k1/pp4bp/3np1p1/P2p1p2/3P1P2/2P1PN1P/2QN2P1/RR4K1 b - - 0 21,e8e7,-57
2rq2k1/pp2r1bp/3np1p1/P2p1p2/3P1P2/2P1PN1P/2QN2P1/RR4K1 w - - 1 22,f3e5,-59
2rq2k1/pp2r1bp/3np1p1/P2pNp2/3P1P2/2P1P2P/2QN2P1/RR4K1 b - - 2 22,e7c7,-74
2rq2k1/ppr3bp/3np1p1/P2pNp2/3P1P2/2P1P2P/2QN2P1/RR4K1 w - - 3 23,b1b3,-73
2rq2k1/ppr3bp/3np1p1/P2pNp2/3P1P2/1RP1P2P/2QN2P1/R5K1 b - - 4 23,g6g5,-68
2rq2k1/ppr3bp/3np3/P2pNpp1/3P1P2/1RP1P2P/2QN2P1/R5K1 w - - 0 24,e5d3,-56
2rq2k1/ppr3bp/3np3/P2p1pp1/3P1P2/1RPNP2P/2QN2P1/R5K1 b - - 1 24,g7f6,-69
2rq2k1/ppr4p/3npb2/P2p1pp1/3P1P2/1RPNP2P/2QN2P1/R5K1 w - - 2 25,d3c5,-42
2rq2k1/ppr4p/3npb2/P1Np1pp1/3P1P2/1RP1P2P/2QN2P1/R5K1 b - - 3 25,d8e8,-34
2r1q1k1/ppr4p/3npb2/P1Np1pp1/3P1P2/1RP1P2P/2QN2P1/R5K1 w - - 4 26,c2b2,-36
2r1q1k1/ppr4p/3npb2/P1Np1pp1/3P1P2/1RP1P2P/1Q1N2P1/R5K1 b - - 5 26,e8e7,-65
2r3k1/ppr1q2p/3npb2/P1Np1pp1/3P1P2/1RP1P2P/1Q1N2P1/R5K1 w - - 6 27,a1b1,-44
2r3k1/ppr1q2p/3npb2/P1Np1pp1/3P1P2/1RP1P2P/1Q1N2P1/1R4K1 b - - 7 27,g8h8,-57
2r4k/ppr1q2p/3npb2/P1Np1pp1/3P1P2/1RP1P2P/1Q1N2P1/1R4K1 w - - 8 28,g1h1,-43
2r4k/ppr1q2p/3npb2/P1Np1pp1/3P1P2/1RP1P2P/1Q1N2P1/1R5K b - - 9 28,h8g8,-16
2r3k1/ppr1q2p/3npb2/P1Np1pp1/3P1P2/1RP1P2P/1Q1N2P1/1R5K w - - 10 29,c5b7,-15
2r3k1/pNr1q2p/3npb2/P2p1pp1/3P1P2/1RP1P2P/1Q1N2P1/1R5K b - - 0 29,d6b7,-8
2r3k1/pnr1q2p/4pb2/P2p1pp1/3P1P2/1RP1P2P/1Q1N2P1/1R5K w - - 0 30,b3b7,0
2r3k1/pRr1q2p/4pb2/P2p1pp1/3P1P2/2P1P2P/1Q1N2P1/1R5K b - - 0 30,c7b7,-19
2r3k1/pr2q2p/4pb2/P2p1pp1/3P1P2/2P1P2P/1Q1N2P1/1R5K w - - 0 31,b2b7,-58
2r3k1/pQ2q2p/4pb2/P2p1pp1/3P1P2/2P1P2P/3N2P1/1R5K b - - 0 31,e7b7,-37
2r3k1/pq5p/4pb2/P2p1pp1/3P1P2/2P1P2P/3N2P1/1R5K w - - 0 32,b1b7,-14
2r3k1/pR5p/4pb2/P2p1pp1/3P1P2/2P1P2P/3N2P1/7K b - - 0 32,c8c3,-14
6k1/pR5p/4pb2/P2p1pp1/3P1P2/2r1P2P/3N2P1/7K w - - 0 33,f4g5,-21
6k1/pR5p/4pb2/P2p1pP1/3P4/2r1P2P/3N2P1/7K b - - 0 33,f6g5,-18
6k1/pR5p/4p3/P2p1pb1/3P4/2r1P2P/3N2P1/7K w - - 0 34,d2f3,-16
6k1/pR5p/4p3/P2p1pb1/3P4/2r1PN1P/6P1/7K b - - 1 34,g5e3,-36
6k1/pR5p/4p3/P2p1p2/3P4/2r1bN1P/6P1/7K w - - 0 35,b7a7,-10
6k1/R6p/4p3/P2p1p2/3P4/2r1bN1P/6P1/7K b - - 0 35,c3a3,0
6k1/R6p/4p3/P2p1p2/3P4/r3bN1P/6P1/7K w - - 1 36,g2g4,2
6k1/R6p/4p3/P2p1p2/3P2P1/r3bN1P/8/7K b - - 0 36,f5f4,0
6k1/R6p/4p3/P2p4/3P1pP1/r3bN1P/8/7K w - - 0 37,h3h4,18
6k1/R6p/4p3/P2p4/3P1pPP/r3bN2/8/7K b - - 0 37,h7h6,0
6k1/R7/4p2p/P2p4/3P1pPP/r3bN2/8/7K w - - 0 38,g4g5,0
6k1/R7/4p2p/P2p2P1/3P1p1P/r3bN2/8/7K b - - 0 38,h6g5,8
6k1/R7/4p3/P2p2p1/3P1p1P/r3bN2/8/7K w - - 0 39,f3g5,6
6k1/R7/4p3/P2p2N1/3P1p1P/r3b3/8/7K b - - 0 39,a3a4,13
6k1/R7/4p3/P2p2N1/r2P1p1P/4b3/8/7K w - - 1 40,a5a6,16
6k1/R7/P3p3/3p2N1/r2P1p1P/4b3/8/7K b - - 0 40,e3d4,14
6k1/R7/P3p3/3p2N1/r2b1p1P/8/8/7K w - - 0 41,a7a8,21
R5k1/8/P3p3/3p2N1/r2b1p1P/8/8/7K b - - 1 41,g8g7,21
R7/6k1/P3p3/3p2N1/r2b1p1P/8/8/7K w - - 2 42,g5e6,19
R7/6k1/P3N3/3p4/r2b1p1P/8/8/7K b - - 0 42,g7h7,14
R7/7k/P3N3/3p4/r2b1p1P/8/8/7K w - - 1 43,h1g2,16
R7/7k/P3N3/3p4/r2b1p1P/8/6K1/8 b - - 2 43,d4e3,17
R7/7k/P3N3/3p4/r4p1P/4b3/6K1/8 w - - 3 44,g2f3,17
R7/7k/P3N3/3p4/r4p1P/4bK2/8/8 b - - 4 44,a4a3,14
R7/7k/P3N3/3p4/5p1P/r3bK2/8/8 w - - 5 45,e6g5,18
R7/7k/P7/3p2N1/5p1P/r3bK2/8/8 b - - 6 45,h7g7,17
R7/6k1/P7/3p2N1/5p1P/r3bK2/8/8 w - - 7 46,h4h5,17
R7/6k1/P7/3p2NP/5p2/r3bK2/8/8 b - - 0 46,d5d4,21
R7/6k1/P7/6NP/3p1p2/r3bK2/8/8 w - - 0 47,g5e6,12
R7/6k1/P3N3/7P/3p1p2/r3bK2/8/8 b - - 1 47,g7f6,11
R7/8/P3Nk2/7P/3p1p2/r3bK2/8/8 w - - 2 48,a6a7,19
R7/P7/4Nk2/7P/3p1p2/r3bK2/8/8 b - - 0 48,d4d3,14
R7/P7/4Nk2/7P/5p2/r2pbK2/8/8 w - - 0 49,e6f4,21
R7/P7/5k2/7P/5N2/r2pbK2/8/8 b - - 0 49,d3d2,0
R7/P7/5k2/7P/5N2/r3bK2/3p4/8 w - - 0 50,f3e2,-1
R7/P7/5k2/7P/5N2/r3b3/3pK3/8 b - - 1 50,a3a7,0
R7/r7/5k2/7P/5N2/4b3/3pK3/8 w - - 0 51,f4d5,0
R7/r7/5k2/3N3P/8/4b3/3pK3/8 b - - 1 51,f6g5,0
R7/r7/8/3N2kP/8/4b3/3pK3/8 w - - 2 52,a8a7,0
8/R7/8/3N2kP/8/4b3/3pK3/8 b - - 0 52,d2d1q,0
8/R7/8/3N2kP/8/4b3/4K3/3q4 w - - 0 53,e2d1,0
8/R7/8/3N2kP/8/4b3/8/3K4 b - - 0 53,e3a7,0
8/b7/8/3N2kP/8/8/8/3K4 w - - 0 54,h5h6,0
8/b7/7P/3N2k1/8/8/8/3K4 b - - 0 54,g5g6,0
8/b7/6kP/3N4/8/8/8/3K4 w - - 1 55,d5e7,0
8/b3N3/6kP/8/8/8/8/3K4 b - - 2 55,g6h7,0
8/b3N2k/7P/8/8/8/8/3K4 w - - 3 56,e7g8,0
6N1/b6k/7P/8/8/8/8/3K4 b - - 4 56,a7c5,0
6N1/7k/7P/2b5/8/8/8/3K4 w - - 5 57,d1e1,0
6N1/7k/7P/2b5/8/8/8/4K3 b - - 6 57,c5a3,0
6N1/7k/7P/8/8/b7/8/4K3 w - - 7 58,e1d2,0
6N1/7k/7P/8/8/b7/3K4/8 b - - 8 58,a3b2,0
6N1/7k/7P/8/8/8/1b1K4/8 w - - 9 59,d2d3,0
6N1/7k/7P/8/8/3K4/1b6/8 b - - 10 59,b2f6,0
6N1/7k/5b1P/8/8/3K4/8/8 w - - 11 60,d3e3,1
6N1/7k/5b1P/8/8/4K3/8/8 b - - 12 60,f6g7,0
6N1/6bk/7P/8/8/4K3/8/8 w - - 13 61,g8e7,0
8/4N1bk/7P/8/8/4K3/8/8 b - - 14 61,g7b2,0
8/4N2k/7P/8/8/4K3/1b6/8 w - - 15 62,e3e4,0
8/4N2k/7P/8/4K3/8/1b6/8 b - - 16 62,b2d4,0
8/4N2k/7P/8/3bK3/8/8/8 w - - 17 63,e7g8,0
6N1/7k/7P/8/3bK3/8/8/8 b - - 18 63,d4g7,0
6N1/6bk/7P/8/4K3/8/8/8 w - - 19 64,e4d5,0
6N1/6bk/7P/3K4/8/8/8/8 b - - 20 64,g7h6,0
6N1/7k/7b/3K4/8/8/8/8 w - - 0 65,d5c6,0
6N1/7k/2K4b/8/8/8/8/8 b - - 1 65,h6e3,0
6N1/7k/2K5/8/8/4b3/8/8 w - - 2 66,g8h6,0
8/7k/2K4N/8/8/4b3/8/8 b - - 3 66,e3c1,0
8/7k/2K4N/8/8/8/8/2b5 w - - 4 67,c6d6,0
8/7k/3K3N/8/8/8/8/2b5 b - - 5 67,c1g5,0
8/7k/3K3N/6b1/8/8/8/8 w - - 6 68,d6e6,0
8/7k/4K2N/6b1/8/8/8/8 b - - 7 68,h7g6,0
8/8/4K1kN/6b1/8/8/8/8 w - - 8 69,h6f5,0
8/8/4K1k1/5Nb1/8/8/8/8 b - - 9 69,g6h7,0
8/7k/4K3/5Nb1/8/8/8/8 w - - 10 70,f5d6,0
8/7k/3NK3/6b1/8/8/8/8 b - - 11 70,g5f6,0
8/7k/3NKb2/8/8/8/8/8 w - - 12 71,d6e4,0
8/7k/4Kb2/8/4N3/8/8/8 b - - 13 71,h7h6,0
8/8/4Kb1k/8/4N3/8/8/8 w - - 14 72,e4g3,0
8/8/4Kb1k/8/8/6N1/8/8 b - - 15 72,f6h8,0
7b/8/4K2k/8/8/6N1/8/8 w - - 16 73,e6e7,0
7b/4K3/7k/8/8/6N1/8/8 b - - 17 73,h8c3,0
8/4K3/7k/8/8/2b3N1/8/8 w - - 18 74,g3f5,0
8/4K3/7k/5N2/8/2b5/8/8 b - - 19 74,h6h7,0
8/4K2k/8/5N2/8/2b5/8/8 w - - 20 75,f5g7,1
8/4K1Nk/8/8/8/2b5/8/8 b - - 21 75,c3e5,0
8/4K1Nk/8/4b3/8/8/8/8 w - - 22 76,e7d8,0
3K4/6Nk/8/4b3/8/8/8/8 b - - 23 76,e5c7,0
3K4/2b3Nk/8/8/8/8/8/8 w - - 24 77,d8e7,0
8/2b1K1Nk/8/8/8/8/8/8 b - - 25 77,c7h2,0
8/4K1Nk/8/8/8/8/7b/8 w - - 26 78,g7e6,0
8/4K2k/4N3/8/8/8/7b/8 b - - 27 78,h7g8,0
6k1/4K3/4N3/8/8/8/7b/8 w - - 28 79,e6f4,1
6k1/4K3/8/8/5N2/8/7b/8 b - - 29 79,g8g7,0
8/4K1k1/8/8/5N2/8/7b/8 w - - 30 80,e7d7,0
8/3K2k1/8/8/5N2/8/7b/8 b - - 31 80,g7f6,0
8/3K4/5k2/8/5N2/8/7b/8 w - - 32 81,d7c6,0
8/8/2K2k2/8/5N2/8/7b/8 b - - 33 81,h2g1,0
8/8/2K2k2/8/5N2/8/8/6b1 w - - 34 82,f4g6,0
8/8/2K2kN1/8/8/8/8/6b1 b - - 35 82,f6e6,0
8/8/2K1k1N1/8/8/8/8/6b1 w - - 36 83,g6e7,0
8/4N3/2K1k3/8/8/8/8/6b1 b - - 37 83,g1d4,0
8/4N3/2K1k3/8/3b4/8/8/8 w - - 38 84,e7f5,0
8/8/2K1k3/5N2/3b4/8/8/8 b - - 39 84,d4c5,0
8/8/2K1k3/2b2N2/8/8/8/8 w - - 40 85,f5e7,0
8/4N3/2K1k3/2b5/8/8/8/8 b - - 41 85,c5e3,0
8/4N3/2K1k3/8/8/4b3/8/8 w - - 42 86,e7f5,0
8/8/2K1k3/5N2/8/4b3/8/8 b - - 43 86,e3g5,0
8/8/2K1k3/5Nb1/8/8/8/8 w - - 44 87,c6b5,0
8/8/4k3/1K3Nb1/8/8/8/8 b - - 45 87,e6e5,0
8/8/8/1K2kNb1/8/8/8/8 w - - 46 88,b5c6,0
8/8/2K5/4kNb1/8/8/8/8 b - - 47 88,g5e7,0
8/4b3/2K5/4kN2/8/8/8/8 w - - 48 89,f5d6,0
8/4b3/2KN4/4k3/8/8/8/8 b - - 49 89,e7d8,0
3b4/8/2KN4/4k3/8/8/8/8 w - - 50 90,d6f5,0
3b4/8/2K5/4kN2/8/8/8/8 b - - 51 90,d8h4,0
8/8/2K5/4kN2/7b/8/8/8 w - - 52 91,f5g3,0
8/8/2K5/4k3/7b/6N1/8/8 b - - 53 91,h4e7,0
8/4b3/2K5/4k3/8/6N1/8/8 w - - 54 92,g3f5,0
8/4b3/2K5/4kN2/8/8/8/8 b - - 55 92,e7g5,0
8/8/2K5/4kNb1/8/8/8/8 w - - 56 93,c6c5,0
8/8/8/2K1kNb1/8/8/8/8 b - - 57 93,g5h4,0
8/8/8/2K1kN2/7b/8/8/8 w - - 58 94,f5d4,0
8/8/8/2K1k3/3N3b/8/8/8 b - - 59 94,h4e7,0
8/4b3/8/2K1k3/3N4/8/8/8 w - - 60 95,c5c4,0
8/4b3/8/4k3/2KN4/8/8/8 b - - 61 95,e7f6,0
8/8/5b2/4k3/2KN4/8/8/8 w - - 62 96,d4e2,0
8/8/5b2/4k3/2K5/8/4N3/8 b - - 63 96,e5e4,0
8/8/5b2/8/2K1k3/8/4N3/8 w - - 64 97,e2f4,0
8/8/5b2/8/2K1kN2/8/8/8 b - - 65 97,f6d4,0
8/8/8/8/2KbkN2/8/8/8 w - - 66 98,f4d3,0
8/8/8/8/2Kbk3/3N4/8/8 b - - 67 98,d4c5,0
8/8/8/2b5/2K1k3/3N4/8/8 w - - 68 99,d3f2,0
8/8/8/2b5/2K1k3/8/5N2/8 b - - 69 99,e4e5,0
8/8/8/2b1k3/2K5/8/5N2/8 w - - 70 100,f2d1,0
8/8/8/2b1k3/2K5/8/8/3N4 b - - 71 100,c5f2,0
8/8/8/4k3/2K5/8/5b2/3N4 w - - 72 101,d1c3,0
8/8/8/4k3/2K5/2N5/5b2/8 b - - 73 101,f2d4,0
8/8/8/4k3/2Kb4/2N5/8/8 w - - 74 102,c4b4,0
8/8/8/4k3/1K1b4/2N5/8/8 b - - 75 102,e5d6,0
8/8/3k4/8/1K1b4/2N5/8/8 w - - 76 103,b4b3,0
8/8/3k4/8/3b4/1KN5/8/8 b - - 77 103,d4a7,0
8/b7/3k4/8/8/1KN5/8/8 w - - 78 104,c3d5,0
8/b7/3k4/3N4/8/1K6/8/8 b - - 79 104,a7d4,0
8/8/3k4/3N4/3b4/1K6/8/8 w - - 80 105,b3b4,0
8/8/3k4/3N4/1K1b4/8/8/8 b - - 81 105,d4c3,0
8/8/3k4/3N4/1K6/2b5/8/8 w - - 82 106,b4b3,0
8/8/3k4/3N4/8/1Kb5/8/8 b - - 83 106,c3a1,0
8/8/3k4/3N4/8/1K6/8/b7 w - - 84 107,d5c3,0
8/8/3k4/8/8/1KN5/8/b7 b - - 85 107,a1b2,0
8/8/3k4/8/8/1KN5/1b6/8 w - - 86 108,c3b5,0
8/8/3k4/1N6/8/1K6/1b6/8 b - - 87 108,d6d5,0
8/8/8/1N1k4/8/1K6/1b6/8 w - - 88 109,b5d4,0
8/8/8/3k4/3N4/1K6/1b6/8 b - - 89 109,d5c5,0
8/8/8/2k5/3N4/1K6/1b6/8 w - - 90 110,b3c2,0
8/8/8/2k5/3N4/8/1bK5/8 b - - 91 110,b2c1,0
8/8/8/2k5/3N4/8/2K5/2b5 w - - 92 111,c2c3,0
8/8/8/2k5/3N4/2K5/8/2b5 b - - 93 111,c1f4,0
8/8/8/2k5/3N1b2/2K5/8/8 w - - 94 112,d4c6,0
8/8/2N5/2k5/5b2/2K5/8/8 b - - 95 112,f4e5,0
8/8/2N5/2k1b3/8/2K5/8/8 w - - 96 113,c3b3,0
8/8/2N5/2k1b3/8/1K6/8/8 b - - 97 113,e5h8,0
7b/8/2N5/2k5/8/1K6/8/8 w - - 98 114,c6a5,0
rnbqkb1r/ppp1p1p1/5p1n/3pP2p/5N2/5KP1/PPPP1P1P/RNBQ1B1R b kq - 1 7,c8g4,-689
rn1qkb1r/ppp1p1p1/5p1n/3pP2p/5Nb1/5KP1/PPPP1P1P/RNBQ1B1R w kq - 2 8,f3g2,-684
rn1qkb1r/ppp1p1p1/5p1n/3pP2p/5Nb1/6P1/PPPP1PKP/RNBQ1B1R b kq - 3 8,g4d1,-689
rn1qkb1r/ppp1p1p1/5p1n/3pP2p/5N2/6P1/PPPP1PKP/RNBb1B1R w kq - 0 9,f1b5,-692
rn1qkb1r/ppp1p1p1/5p1n/1B1pP2p/5N2/6P1/PPPP1PKP/RNBb3R b kq - 1 9,c7c6,-636
rn1qkb1r/pp2p1p1/2p2p1n/1B1pP2p/5N2/6P1/PPPP1PKP/RNBb3R w kq - 0 10,b5c6,-695
rn1qkb1r/pp2p1p1/2B2p1n/3pP2p/5N2/6P1/PPPP1PKP/RNBb3R b kq - 0 10,b8c6,-732
r2qkb1r/pp2p1p1/2n2p1n/3pP2p/5N2/6P1/PPPP1PKP/RNBb3R w kq - 0 11,h1d1,-744
r2qkb1r/pp2p1p1/2n2p1n/3pP2p/5N2/6P1/PPPP1PKP/RNBR4 b kq - 0 11,g7g5,-721
r2qkb1r/pp2p3/2n2p1n/3pP1pp/5N2/6P1/PPPP1PKP/RNBR4 w kq - 0 12,f4g6,-715
r2qkb1r/pp2p3/2n2pNn/3pP1pp/8/6P1/PPPP1PKP/RNBR4 b kq - 1 12,c6e5,-733
r2qkb1r/pp2p3/5pNn/3pn1pp/8/6P1/PPPP1PKP/RNBR4 w kq - 0 13,g6e5,-767
r2qkb1r/pp2p3/5p1n/3pN1pp/8/6P1/PPPP1PKP/RNBR4 b kq - 0 13,h6f5,-731
r2qkb1r/pp2p3/5p2/3pNnpp/8/6P1/PPPP1PKP/RNBR4 w kq - 1 14,e5g6,-696
r2qkb1r/pp2p3/5pN1/3p1npp/8/6P1/PPPP1PKP/RNBR4 b kq - 2 14,h8g8,-662
r2qkbr1/pp2p3/5pN1/3p1npp/8/6P1/PPPP1PKP/RNBR4 w q - 3 15,g6f8,-696
r2qkNr1/pp2p3/5p2/3p1npp/8/6P1/PPPP1PKP/RNBR4 b q - 0 15,g8f8,-736
r2qkr2/pp2p3/5p2/3p1npp/8/6P1/PPPP1PKP/RNBR4 w q - 0 16,d2d3,-707
r2qkr2/pp2p3/5p2/3p1npp/8/3P2P1/PPP2PKP/RNBR4 b q - 0 16,d5d4,-791
r2qkr2/pp2p3/5p2/5npp/3p4/3P2P1/PPP2PKP/RNBR4 w q - 0 17,c1g5,-645
r2qkr2/pp2p3/5p2/5nBp/3p4/3P2P1/PPP2PKP/RN1R4 b q - 0 17,d8c8,-644
r1q1kr2/pp2p3/5p2/5nBp/3p4/3P2P1/PPP2PKP/RN1R4 w q - 1 18,g5f6,-626
r1q1kr2/pp2p3/5B2/5n1p/3p4/3P2P1/PPP2PKP/RN1R4 b q - 0 18,f8f6,-653
r1q1k3/pp2p3/5r2/5n1p/3p4/3P2P1/PPP2PKP/RN1R4 w q - 0 19,b1d2,-633
r1q1k3/pp2p3/5r2/5n1p/3p4/3P2P1/PPPN1PKP/R2R4 b q - 1 19,f5h4,-625
r1q1k3/pp2p3/5r2/7p/3p3n/3P2P1/PPPN1PKP/R2R4 w q - 2 20,g2g1,-629
r1q1k3/pp2p3/5r2/7p/3p3n/3P2P1/PPPN1P1P/R2R2K1 b q - 3 20,c8h3,-3
r3k3/pp2p3/5r2/7p/3p3n/3P2Pq/PPPN1P1P/R2R2K1 w q - 4 21,g3h4,-2
r3k3/pp2p3/5r2/7p/3p3P/3P3q/PPPN1P1P/R2R2K1 b q - 0 21,f6g6,-2
r3k3/pp2p3/6r1/7p/3p3P/3P3q/PPPN1P1P/R2R2K1 w q - 1 22,g1h1,-1
r3k3/pp2p3/6r1/7p/3p3P/3P3q/PPPN1P1P/R2R3K b q - 2 22,h3g2,-1
rnbq1bnr/3ppk2/p4pp1/1pp4p/P1P1P3/5N1P/RP1PQPP1/1NB1KB1R w K - 2 8,a4b5,183
rnbq1bnr/3ppk2/p4pp1/1Pp4p/2P1P3/5N1P/RP1PQPP1/1NB1KB1R b K - 0 8,e7e6,169
rnbq1bnr/3p1k2/p3ppp1/1Pp4p/2P1P3/5N1P/RP1PQPP1/1NB1KB1R w K - 0 9,b1c3,174
rnbq1bnr/3p1k2/p3ppp1/1Pp4p/2P1P3/2N2N1P/RP1PQPP1/2B1KB1R b K - 1 9,c8b7,182
rn1q1bnr/1b1p1k2/p3ppp1/1Pp4p/2P1P3/2N2N1P/RP1PQPP1/2B1KB1R w K - 2 10,d2d4,190
rn1q1bnr/1b1p1k2/p3ppp1/1Pp4p/2PPP3/2N2N1P/RP2QPP1/2B1KB1R b K - 0 10,c5d4,190
rn1q1bnr/1b1p1k2/p3ppp1/1P5p/2PpP3/2N2N1P/RP2QPP1/2B1KB1R w K - 0 11,f3d4,193
rn1q1bnr/1b1p1k2/p3ppp1/1P5p/2PNP3/2N4P/RP2QPP1/2B1KB1R b K - 0 11,a6b5,207
rn1q1bnr/1b1p1k2/4ppp1/1p5p/2PNP3/2N4P/RP2QPP1/2B1KB1R w K - 0 12,a2a8,209
Rn1q1bnr/1b1p1k2/4ppp1/1p5p/2PNP3/2N4P/1P2QPP1/2B1KB1R b K - 0 12,b7a8,200
bn1q1bnr/3p1k2/4ppp1/1p5p/2PNP3/2N4P/1P2QPP1/2B1KB1R w K - 0 13,c4b5,201
bn1q1bnr/3p1k2/4ppp1/1P5p/3NP3/2N4P/1P2QPP1/2B1KB1R b K - 0 13,d7d5,203
bn1q1bnr/5k2/4ppp1/1P1p3p/3NP3/2N4P/1P2QPP1/2B1KB1R w K - 0 14,e2c2,235
bn1q1bnr/5k2/4ppp1/1P1p3p/3NP3/2N4P/1PQ2PP1/2B1KB1R b K - 1 14,f8c5,221
bn1q2nr/5k2/4ppp1/1Pbp3p/3NP3/2N4P/1PQ2PP1/2B1KB1R w K - 2 15,d4b3,188
bn1q2nr/5k2/4ppp1/1Pbp3p/4P3/1NN4P/1PQ2PP1/2B1KB1R b K - 3 15,c5b6,188
bn1q2nr/5k2/1b2ppp1/1P1p3p/4P3/1NN4P/1PQ2PP1/2B1KB1R w K - 4 16,f1d3,175
bn1q2nr/5k2/1b2ppp1/1P1p3p/4P3/1NNB3P/1PQ2PP1/2B1K2R b K - 5 16,g8e7,176
bn1q3r/4nk2/1b2ppp1/1P1p3p/4P3/1NNB3P/1PQ2PP1/2B1K2R w K - 6 17,e1g1,170
bn1q3r/4nk2/1b2ppp1/1P1p3p/4P3/1NNB3P/1PQ2PP1/2B2RK1 b - - 7 17,b8d7,172
b2q3r/3nnk2/1b2ppp1/1P1p3p/4P3/1NNB3P/1PQ2PP1/2B2RK1 w - - 8 18,c1f4,166
b2q3r/3nnk2/1b2ppp1/1P1p3p/4PB2/1NNB3P/1PQ2PP1/5RK1 b - - 9 18,g6g5,161
b2q3r/3nnk2/1b2pp2/1P1p2pp/4PB2/1NNB3P/1PQ2PP1/5RK1 w - - 0 19,f4d6,163
b2q3r/3nnk2/1b1Bpp2/1P1p2pp/4P3/1NNB3P/1PQ2PP1/5RK1 b - - 1 19,g5g4,152
b2q3r/3nnk2/1b1Bpp2/1P1p3p/4P1p1/1NNB3P/1PQ2PP1/5RK1 w - - 0 20,h3h4,165
b2q3r/3nnk2/1b1Bpp2/1P1p3p/4P1pP/1NNB4/1PQ2PP1/5RK1 b - - 0 20,d5e4,175
b2q3r/3nnk2/1b1Bpp2/1P5p/4p1pP/1NNB4/1PQ2PP1/5RK1 w - - 0 21,d3e4,142
b2q3r/3nnk2/1b1Bpp2/1P5p/4B1pP/1NN5/1PQ2PP1/5RK1 b - - 0 21,a8e4,179
3q3r/3nnk2/1b1Bpp2/1P5p/4b1pP/1NN5/1PQ2PP1/5RK1 w - - 0 22,c3e4,180
3q3r/3nnk2/1b1Bpp2/1P5p/4N1pP/1N6/1PQ2PP1/5RK1 b - - 0 22,e7f5,196
3q3r/3n1k2/1b1Bpp2/1P3n1p/4N1pP/1N6/1PQ2PP1/5RK1 w - - 1 23,f1d1,202
3q3r/3n1k2/1b1Bpp2/1P3n1p/4N1pP/1N6/1PQ2PP1/3R2K1 b - - 2 23,d8c8,142
2q4r/3n1k2/1b1Bpp2/1P3n1p/4N1pP/1N6/1PQ2PP1/3R2K1 w - - 3 24,b3c5,188
2q4r/3n1k2/1b1Bpp2/1PN2n1p/4N1pP/8/1PQ2PP1/3R2K1 b - - 4 24,b6c5,175
2q4r/3n1k2/3Bpp2/1Pb2n1p/4N1pP/8/1PQ2PP1/3R2K1 w - - 0 25,d6c5,242
2q4r/3n1k2/4pp2/1PB2n1p/4N1pP/8/1PQ2PP1/3R2K1 b - - 0 25,d7c5,235
2q4r/5k2/4pp2/1Pn2n1p/4N1pP/8/1PQ2PP1/3R2K1 w - - 0 26,e4c5,219
2q4r/5k2/4pp2/1PN2n1p/6pP/8/1PQ2PP1/3R2K1 b - - 0 26,h8d8,250
2qr4/5k2/4pp2/1PN2n1p/6pP/8/1PQ2PP1/3R2K1 w - - 1 27,b2b4,194
2qr4/5k2/4pp2/1PN2n1p/1P4pP/8/2Q2PP1/3R2K1 b - - 0 27,c8b8,206
1q1r4/5k2/4pp2/1PN2n1p/1P4pP/8/2Q2PP1/3R2K1 w - - 1 28,d1d8,313
1q1R4/5k2/4pp2/1PN2n1p/1P4pP/8/2Q2PP1/6K1 b - - 0 28,b8d8,212
3q4/5k2/4pp2/1PN2n1p/1P4pP/8/2Q2PP1/6K1 w - - 0 29,c5e6,317
3q4/5k2/4Np2/1P3n1p/1P4pP/8/2Q2PP1/6K1 b - - 0 29,f7e6,286
3q4/8/4kp2/1P3n1p/1P4pP/8/2Q2PP1/6K1 w - - 0 30,c2e4,321
3q4/8/4kp2/1P3n1p/1P2Q1pP/8/5PP1/6K1 b - - 1 30,e6d6,317
3q4/8/3k1p2/1P3n1p/1P2Q1pP/8/5PP1/6K1 w - - 2 31,e4f5,321
3q4/8/3k1p2/1P3Q1p/1P4pP/8/5PP1/6K1 b - - 0 31,d6c7,349
3q4/2k5/5p2/1P3Q1p/1P4pP/8/5PP1/6K1 w - - 1 32,g2g3,341
3q4/2k5/5p2/1P3Q1p/1P4pP/6P1/5P2/6K1 b - - 0 32,d8e8,343
4q3/2k5/5p2/1P3Q1p/1P4pP/6P1/5P2/6K1 w - - 1 33,f5f6,337
4q3/2k5/5Q2/1P5p/1P4pP/6P1/5P2/6K1 b - - 0 33,e8b5,330
8/2k5/5Q2/1q5p/1P4pP/6P1/5P2/6K1 w - - 0 34,f6f7,322
8/2k2Q2/8/1q5p/1P4pP/6P1/5P2/6K1 b - - 1 34,c7b8,302
1k6/5Q2/8/1q5p/1P4pP/6P1/5P2/6K1 w - - 2 35,f7g8,348
1k4Q1/8/8/1q5p/1P4pP/6P1/5P2/6K1 b - - 3 35,b8b7,310
6Q1/1k6/8/1q5p/1P4pP/6P1/5P2/6K1 w - - 4 36,g8g7,317
8/1k4Q1/8/1q5p/1P4pP/6P1/5P2/6K1 b - - 5 36,b7c8,292
2k5/6Q1/8/1q5p/1P4pP/6P1/5P2/6K1 w - - 6 37,g7c3,343
2k5/8/8/1q5p/1P4pP/2Q3P1/5P2/6K1 b - - 7 37,c8b7,285
8/1k6/8/1q5p/1P4pP/2Q3P1/5P2/6K1 w - - 8 38,c3g7,325
8/1k4Q1/8/1q5p/1P4pP/6P1/5P2/6K1 b - - 9 38,b7a6,301
8/6Q1/k7/1q5p/1P4pP/6P1/5P2/6K1 w - - 10 39,g7g5,336
8/8/k7/1q4Qp/1P4pP/6P1/5P2/6K1 b - - 11 39,b5e8,370
4q3/8/k7/6Qp/1P4pP/6P1/5P2/6K1 w - - 12 40,g5a5,332
4q3/8/k7/Q6p/1P4pP/6P1/5P2/6K1 b - - 13 40,a6b7,300
4q3/1k6/8/Q6p/1P4pP/6P1/5P2/6K1 w - - 14 41,b4b5,360
4q3/1k6/8/QP5p/6pP/6P1/5P2/6K1 b - - 0 41,e8e4,294
8/1k6/8/QP5p/4q1pP/6P1/5P2/6K1 w - - 1 42,a5a6,395
8/1k6/Q7/1P5p/4q1pP/6P1/5P2/6K1 b - - 2 42,b7b8,369
1k6/8/Q7/1P5p/4q1pP/6P1/5P2/6K1 w - - 3 43,a6d6,404
1k6/8/3Q4/1P5p/4q1pP/6P1/5P2/6K1 b - - 4 43,b8b7,440
8/1k6/3Q4/1P5p/4q1pP/6P1/5P2/6K1 w - - 5 44,d6a6,369
8/1k6/Q7/1P5p/4q1pP/6P1/5P2/6K1 b - - 6 44,b7b8,376
1k6/8/Q7/1P5p/4q1pP/6P1/5P2/6K1 w - - 7 45,a6d6,425
1k6/8/3Q4/1P5p/4q1pP/6P1/5P2/6K1 b - - 8 45,b8b7,419
8/1k6/3Q4/1P5p/4q1pP/6P1/5P2/6K1 w - - 9 46,d6a6,391
8/1k6/Q7/1P5p/4q1pP/6P1/5P2/6K1 b - - 10 46,b7b8,376
1k6/8/Q7/1P5p/4q1pP/6P1/5P2/6K1 w - - 11 47,a6b6,413
1k6/8/1Q6/1P5p/4q1pP/6P1/5P2/6K1 b - - 12 47,b8a8,444
k7/8/1Q6/1P5p/4q1pP/6P1/5P2/6K1 w - - 13 48,b6c6,457
k7/8/2Q5/1P5p/4q1pP/6P1/5P2/6K1 b - - 14 48,e4c6,511
k7/8/2q5/1P5p/6pP/6P1/5P2/6K1 w - - 0 49,b5c6,434
k7/8/2P5/7p/6pP/6P1/5P2/6K1 b - - 0 49,a8a7,582
8/k7/2P5/7p/6pP/6P1/5P2/6K1 w - - 1 50,f2f3,522
8/k7/2P5/7p/6pP/5PP1/8/6K1 b - - 0 50,a7b6,560
8/8/1kP5/7p/6pP/5PP1/8/6K1 w - - 1 51,f3g4,538
8/8/1kP5/7p/6PP/6P1/8/6K1 b - - 0 51,h5g4,627
8/8/1kP5/8/6pP/6P1/8/6K1 w - - 0 52,h4h5,575
8/8/1kP5/7P/6p1/6P1/8/6K1 b - - 0 52,b6c6,550
8/8/2k5/7P/6p1/6P1/8/6K1 w - - 0 53,g1f1,550
8/8/2k5/7P/6p1/6P1/8/5K2 b - - 1 53,c6d7,604
8/3k4/8/7P/6p1/6P1/8/5K2 w - - 2 54,h5h6,608
8/3k4/7P/8/6p1/6P1/8/5K2 b - - 0 54,d7e6,633
8/8/4k2P/8/6p1/6P1/8/5K2 w - - 1 55,h6h7,541
8/7P/4k3/8/6p1/6P1/8/5K2 b - - 0 55,e6d5,618
8/7P/8/3k4/6p1/6P1/8/5K2 w - - 1 56,f1e2,589
8/7P/8/3k4/6p1/6P1/4K3/8 b - - 2 56,d5e5,581
8/7P/8/4k3/6p1/6P1/4K3/8 w - - 3 57,h7h8r,742
7R/8/8/4k3/6p1/6P1/4K3/8 b - - 0 57,e5e4,753
7R/8/8/8/4k1p1/6P1/4K3/8 w - - 1 58,h8e8,777
4R3/8/8/8/4k1p1/6P1/4K3/8 b - - 2 58,e4d4,756
4R3/8/8/8/3k2p1/6P1/4K3/8 w - - 3 59,e8e7,759
8/4R3/8/8/3k2p1/6P1/4K3/8 b - - 4 59,d4c3,775
8/4R3/8/8/6p1/2k3P1/4K3/8 w - - 5 60,e7e4,775
8/8/8/8/4R1p1/2k3P1/4K3/8 b - - 6 60,c3b3,787
8/8/8/8/4R1p1/1k4P1/4K3/8 w - - 7 61,e4g4,791
8/8/8/8/6R1/1k4P1/4K3/8 b - - 0 61,b3c2,799
8/8/8/8/6R1/6P1/2k1K3/8 w - - 1 62,e2e3,789
8/8/8/8/6R1/4K1P1/2k5/8 b - - 2 62,c2c3,830
8/8/8/8/6R1/2k1K1P1/8/8 w - - 3 63,g4g8,867
6R1/8/8/8/8/2k1K1P1/8/8 b - - 4 63,c3b3,845
6R1/8/8/8/8/1k2K1P1/8/8 w - - 5 64,e3f4,832
6R1/8/8/8/5K2/1k4P1/8/8 b - - 6 64,b3b4,914
6R1/8/8/8/1k3K2/6P1/8/8 w - - 7 65,f4f5,890
6R1/8/8/5K2/1k6/6P1/8/8 b - - 8 65,b4b3,941
6R1/8/8/5K2/8/1k4P1/8/8 w - - 9 66,g3g4,870
6R1/8/8/5K2/6P1/1k6/8/8 b - - 0 66,b3b4,983
6R1/8/8/5K2/1k4P1/8/8/8 w - - 1 67,g8c8,3583
2R5/8/8/5K2/1k4P1/8/8/8 b - - 2 67,b4b5,3575
2R5/8/8/1k3K2/6P1/8/8/8 w - - 3 68,f5f4,3510
2R5/8/8/1k6/5KP1/8/8/8 b - - 4 68,b5a6,1094
2R5/8/k7/8/5KP1/8/8/8 w - - 5 69,c8b8,3596
1R6/8/k7/8/5KP1/8/8/8 b - - 6 69,a6a7,3590
1R6/k7/8/8/5KP1/8/8/8 w - - 7 70,b8b1,3602
8/k7/8/8/5KP1/8/8/1R6 b - - 8 70,a7a6,5
8/8/k7/8/5KP1/8/8/1R6 w - - 9 71,g4g5,3954
8/8/k7/6P1/5K2/8/8/1R6 b - - 0 71,a6a5,3567
8/8/8/k5P1/5K2/8/8/1R6 w - - 1 72,g5g6,3950
8/8/6P1/k7/5K2/8/8/1R6 b - - 0 72,a5a6,3
8/8/k5P1/8/5K2/8/8/1R6 w - - 1 73,g6g7,3
8/6P1/k7/8/5K2/8/8/1R6 b - - 0 73,a6a5,2
8/6P1/8/k7/5K2/8/8/1R6 w - - 1 74,g7g8q,2
6Q1/8/8/k7/5K2/8/8/1R6 b - - 0 74,a5a4,1
6Q1/8/8/8/k4K2/8/8/1R6 w - - 1 75,g8a2,1
rnbqkbr1/pppppppp/7n/8/2P5/P7/1P1PPPPP/RNBQKBNR w KQq - 1 3,b1c3,145
rnbqkbr1/pppppppp/7n/8/2P5/P1N5/1P1PPPPP/R1BQKBNR b KQq - 2 3,c7c5,124
rnbqkbr1/pp1ppppp/7n/2p5/2P5/P1N5/1P1PPPPP/R1BQKBNR w KQq - 0 4,g1f3,121
rnbqkbr1/pp1ppppp/7n/2p5/2P5/P1N2N2/1P1PPPPP/R1BQKB1R b KQq - 1 4,g7g6,105
rnbqkbr1/pp1ppp1p/6pn/2p5/2P5/P1N2N2/1P1PPPPP/R1BQKB1R w KQq - 0 5,d2d4,99
rnbqkbr1/pp1ppp1p/6pn/2p5/2PP4/P1N2N2/1P2PPPP/R1BQKB1R b KQq - 0 5,c5d4,107
rnbqkbr1/pp1ppp1p/6pn/8/2Pp4/P1N2N2/1P2PPPP/R1BQKB1R w KQq - 0 6,f3d4,112
rnbqkbr1/pp1ppp1p/6pn/8/2PN4/P1N5/1P2PPPP/R1BQKB1R b KQq - 0 6,h6f5,101
rnbqkbr1/pp1ppp1p/6p1/5n2/2PN4/P1N5/1P2PPPP/R1BQKB1R w KQq - 1 7,d4f5,109
rnbqkbr1/pp1ppp1p/6p1/5N2/2P5/P1N5/1P2PPPP/R1BQKB1R b KQq - 0 7,g6f5,132
rnbqkbr1/pp1ppp1p/8/5p2/2P5/P1N5/1P2PPPP/R1BQKB1R w KQq - 0 8,g2g3,132
rnbqkbr1/pp1ppp1p/8/5p2/2P5/P1N3P1/1P2PP1P/R1BQKB1R b KQq - 0 8,b8c6,133
r1bqkbr1/pp1ppp1p/2n5/5p2/2P5/P1N3P1/1P2PP1P/R1BQKB1R w KQq - 1 9,f1g2,143
r1bqkbr1/pp1ppp1p/2n5/5p2/2P5/P1N3P1/1P2PPBP/R1BQK2R b KQq - 2 9,d7d6,137
r1bqkbr1/pp2pp1p/2np4/5p2/2P5/P1N3P1/1P2PPBP/R1BQK2R w KQq - 0 10,e1g1,144
r1bqkbr1/pp2pp1p/2np4/5p2/2P5/P1N3P1/1P2PPBP/R1BQ1RK1 b q - 1 10,g8g4,139
r1bqkb2/pp2pp1p/2np4/5p2/2P3r1/P1N3P1/1P2PPBP/R1BQ1RK1 w q - 2 11,e2e4,167
r1bqkb2/pp2pp1p/2np4/5p2/2P1P1r1/P1N3P1/1P3PBP/R1BQ1RK1 b q - 0 11,f8g7,174
r1bqk3/pp2ppbp/2np4/5p2/2P1P1r1/P1N3P1/1P3PBP/R1BQ1RK1 w q - 1 12,h2h3,139
r1bqk3/pp2ppbp/2np4/5p2/2P1P1r1/P1N3PP/1P3PB1/R1BQ1RK1 b q - 0 12,g4g6,168
r1bqk3/pp2ppbp/2np2r1/5p2/2P1P3/P1N3PP/1P3PB1/R1BQ1RK1 w q - 1 13,e4f5,149
r1bqk3/pp2ppbp/2np2r1/5P2/2P5/P1N3PP/1P3PB1/R1BQ1RK1 b q - 0 13,c8f5,152
r2qk3/pp2ppbp/2np2r1/5b2/2P5/P1N3PP/1P3PB1/R1BQ1RK1 w q - 0 14,c3d5,147
r2qk3/pp2ppbp/2np2r1/3N1b2/2P5/P5PP/1P3PB1/R1BQ1RK1 b q - 1 14,d8d7,139
r3k3/pp1qppbp/2np2r1/3N1b2/2P5/P5PP/1P3PB1/R1BQ1RK1 w q - 2 15,g1h2,127
r3k3/pp1qppbp/2np2r1/3N1b2/2P5/P5PP/1P3PBK/R1BQ1R2 b q - 3 15,a8c8,100
2r1k3/pp1qppbp/2np2r1/3N1b2/2P5/P5PP/1P3PBK/R1BQ1R2 w - - 4 16,f1e1,121
2r1k3/pp1qppbp/2np2r1/3N1b2/2P5/P5PP/1P3PBK/R1BQR3 b - - 5 16,g6e6,86
2r1k3/pp1qppbp/2npr3/3N1b2/2P5/P5PP/1P3PBK/R1BQR3 w - - 6 17,c1e3,106
2r1k3/pp1qppbp/2npr3/3N1b2/2P5/P3B1PP/1P3PBK/R2QR3 b - - 7 17,g7b2,91
2r1k3/pp1qpp1p/2npr3/3N1b2/2P5/P3B1PP/1b3PBK/R2QR3 w - - 0 18,a1a2,92
2r1k3/pp1qpp1p/2npr3/3N1b2/2P5/P3B1PP/Rb3PBK/3QR3 b - - 1 18,b2g7,58
2r1k3/pp1qppbp/2npr3/3N1b2/2P5/P3B1PP/R4PBK/3QR3 w - - 2 19,g3g4,74
2r1k3/pp1qppbp/2npr3/3N1b2/2P3P1/P3B2P/R4PBK/3QR3 b - - 0 19,f5e4,39
2r1k3/pp1qppbp/2npr3/3N4/2P1b1P1/P3B2P/R4PBK/3QR3 w - - 1 20,f2f3,100
2r1k3/pp1qppbp/2npr3/3N4/2P1b1P1/P3BP1P/R5BK/3QR3 b - - 0 20,e4g6,39
2r1k3/pp1qppbp/2npr1b1/3N4/2P3P1/P3BP1P/R5BK/3QR3 w - - 1 21,f3f4,89
2r1k3/pp1qppbp/2npr1b1/3N4/2P2PP1/P3B2P/R5BK/3QR3 b - - 0 21,g6e4,121
2r1k3/pp1qppbp/2npr3/3N4/2P1bPP1/P3B2P/R5BK/3QR3 w - - 1 22,f4f5,101
2r1k3/pp1qppbp/2npr3/3N1P2/2P1b1P1/P3B2P/R5BK/3QR3 b - - 0 22,e6e5,76
2r1k3/pp1qppbp/2np4/3NrP2/2P1b1P1/P3B2P/R5BK/3QR3 w - - 1 23,a2f2,32
2r1k3/pp1qppbp/2np4/3NrP2/2P1b1P1/P3B2P/5RBK/3QR3 b - - 2 23,e4g2,23
2r1k3/pp1qppbp/2np4/3NrP2/2P3P1/P3B2P/5RbK/3QR3 w - - 0 24,h2g2,53
2r1k3/pp1qppbp/2np4/3NrP2/2P3P1/P3B2P/5RK1/3QR3 b - - 0 24,c6a5,35
2r1k3/pp1qppbp/3p4/n2NrP2/2P3P1/P3B2P/5RK1/3QR3 w - - 1 25,f5f6,96
2r1k3/pp1qppbp/3p1P2/n2Nr3/2P3P1/P3B2P/5RK1/3QR3 b - - 0 25,e7f6,93
2r1k3/pp1q1pbp/3p1p2/n2Nr3/2P3P1/P3B2P/5RK1/3QR3 w - - 0 26,e3d4,120
2r1k3/pp1q1pbp/3p1p2/n2Nr3/2PB2P1/P6P/5RK1/3QR3 b - - 1 26,a5c4,91
2r1k3/pp1q1pbp/3p1p2/3Nr3/2nB2P1/P6P/5RK1/3QR3 w - - 0 27,d4e5,100
2r1k3/pp1q1pbp/3p1p2/3NB3/2n3P1/P6P/5RK1/3QR3 b - - 0 27,d6e5,128
2r1k3/pp1q1pbp/5p2/3Np3/2n3P1/P6P/5RK1/3QR3 w - - 0 28,d5f6,145
2r1k3/pp1q1pbp/5N2/4p3/2n3P1/P6P/5RK1/3QR3 b - - 0 28,g7f6,153
2r1k3/pp1q1p1p/5b2/4p3/2n3P1/P6P/5RK1/3QR3 w - - 0 29,d1d7,139
2r1k3/pp1Q1p1p/5b2/4p3/2n3P1/P6P/5RK1/4R3 b - - 0 29,e8d7,126
2r5/pp1k1p1p/5b2/4p3/2n3P1/P6P/5RK1/4R3 w - - 0 30,f2f6,164
2r5/pp1k1p1p/5R2/4p3/2n3P1/P6P/6K1/4R3 b - - 0 30,d7e7,146
2r5/pp2kp1p/5R2/4p3/2n3P1/P6P/6K1/4R3 w - - 1 31,f6h6,154
2r5/pp2kp1p/7R/4p3/2n3P1/P6P/6K1/4R3 b - - 2 31,e7f8,157
2r2k2/pp3p1p/7R/4p3/2n3P1/P6P/6K1/4R3 w - - 3 32,h6h7,150
2r2k2/pp3p1R/8/4p3/2n3P1/P6P/6K1/4R3 b - - 0 32,c8c5,175
5k2/pp3p1R/8/2r1p3/2n3P1/P6P/6K1/4R3 w - - 1 33,h7h8,167
5k1R/pp3p2/8/2r1p3/2n3P1/P6P/6K1/4R3 b - - 2 33,f8g7,142
7R/pp3pk1/8/2r1p3/2n3P1/P6P/6K1/4R3 w - - 3 34,h8e8,171
4R3/pp3pk1/8/2r1p3/2n3P1/P6P/6K1/4R3 b - - 4 34,c5a5,149
4R3/pp3pk1/8/r3p3/2n3P1/P6P/6K1/4R3 w - - 5 35,e1c1,163
4R3/pp3pk1/8/r3p3/2n3P1/P6P/6K1/2R5 b - - 6 35,b7b5,196
4R3/p4pk1/8/rp2p3/2n3P1/P6P/6K1/2R5 w - - 0 36,c1c3,203
4R3/p4pk1/8/rp2p3/2n3P1/P1R4P/6K1/8 b - - 1 36,a5a4,188
4R3/p4pk1/8/1p2p3/r1n3P1/P1R4P/6K1/8 w - - 2 37,e8e7,190
8/p3Rpk1/8/1p2p3/r1n3P1/P1R4P/6K1/8 b - - 3 37,g7f6,220
8/p3Rp2/5k2/1p2p3/r1n3P1/P1R4P/6K1/8 w - - 4 38,e7b7,219
8/pR3p2/5k2/1p2p3/r1n3P1/P1R4P/6K1/8 b - - 5 38,c4d6,199
8/pR3p2/3n1k2/1p2p3/r5P1/P1R4P/6K1/8 w - - 6 39,c3c6,215
8/pR3p2/2Rn1k2/1p2p3/r5P1/P6P/6K1/8 b - - 7 39,f6e6,219
8/pR3p2/2Rnk3/1p2p3/r5P1/P6P/6K1/8 w - - 8 40,b7b5,191
8/p4p2/2Rnk3/1R2p3/r5P1/P6P/6K1/8 b - - 0 40,a4a3,214
8/p4p2/2Rnk3/1R2p3/6P1/r6P/6K1/8 w - - 0 41,b5c5,207
8/p4p2/2Rnk3/2R1p3/6P1/r6P/6K1/8 b - - 1 41,a3d3,197
8/p4p2/2Rnk3/2R1p3/6P1/3r3P/6K1/8 w - - 2 42,c5a5,175
8/p4p2/2Rnk3/R3p3/6P1/3r3P/6K1/8 b - - 3 42,f7f5,171
8/p7/2Rnk3/R3pp2/6P1/3r3P/6K1/8 w - - 0 43,c6c5,177
8/p7/3nk3/R1R1pp2/6P1/3r3P/6K1/8 b - - 1 43,d3e3,184
8/p7/3nk3/R1R1pp2/6P1/4r2P/6K1/8 w - - 2 44,a5a7,154
8/R7/3nk3/2R1pp2/6P1/4r2P/6K1/8 b - - 0 44,f5f4,149
8/R7/3nk3/2R1p3/5pP1/4r2P/6K1/8 w - - 0 45,a7a6,139
8/8/R2nk3/2R1p3/5pP1/4r2P/6K1/8 b - - 1 45,e3g3,146
8/8/R2nk3/2R1p3/5pP1/6rP/6K1/8 w - - 2 46,g2h2,134
8/8/R2nk3/2R1p3/5pP1/6rP/7K/8 b - - 3 46,g3d3,142
8/8/R2nk3/2R1p3/5pP1/3r3P/7K/8 w - - 4 47,a6a5,142
8/8/3nk3/R1R1p3/5pP1/3r3P/7K/8 b - - 5 47,d3d2,137
8/8/3nk3/R1R1p3/5pP1/7P/3r3K/8 w - - 6 48,h2g1,125
8/8/3nk3/R1R1p3/5pP1/7P/3r4/6K1 b - - 7 48,e5e4,134
8/8/3nk3/R1R5/4ppP1/7P/3r4/6K1 w - - 0 49,c5e5,172
8/8/3nk3/R3R3/4ppP1/7P/3r4/6K1 b - - 1 49,e6d7,183
8/3k4/3n4/R3R3/4ppP1/7P/3r4/6K1 w - - 2 50,a5a1,136
8/3k4/3n4/4R3/4ppP1/7P/3r4/R5K1 b - - 3 50,f4f3,113
8/3k4/3n4/4R3/4p1P1/5p1P/3r4/R5K1 w - - 0 51,a1a7,96
8/R2k4/3n4/4R3/4p1P1/5p1P/3r4/6K1 b - - 1 51,d7c6,114
8/R7/2kn4/4R3/4p1P1/5p1P/3r4/6K1 w - - 2 52,a7a1,120
8/8/2kn4/4R3/4p1P1/5p1P/3r4/R5K1 b - - 3 52,c6b6,93
8/8/1k1n4/4R3/4p1P1/5p1P/3r4/R5K1 w - - 4 53,a1c1,195
8/8/1k1n4/4R3/4p1P1/5p1P/3r4/2R3K1 b - - 5 53,d2g2,188
8/8/1k1n4/4R3/4p1P1/5p1P/6r1/2R3K1 w - - 6 54,g1h1,238
8/8/1k1n4/4R3/4p1P1/5p1P/6r1/2R4K b - - 7 54,g2g3,182
8/8/1k1n4/4R3/4p1P1/5prP/8/2R4K w - - 8 55,e5e6,255
8/8/1k1nR3/8/4p1P1/5prP/8/2R4K b - - 9 55,e4e3,252
8/8/1k1nR3/8/6P1/4pprP/8/2R4K w - - 0 56,e6d6,253
8/8/1k1R4/8/6P1/4pprP/8/2R4K b - - 0 56,b6b7,328
8/1k6/3R4/8/6P1/4pprP/8/2R4K w - - 1 57,d6d7,264
8/1k1R4/8/8/6P1/4pprP/8/2R4K b - - 2 57,b7b6,364
8/3R4/1k6/8/6P1/4pprP/8/2R4K w - - 3 58,d7f7,306
8/5R2/1k6/8/6P1/4pprP/8/2R4K b - - 4 58,e3e2,199
8/5R2/1k6/8/6P1/5prP/4p3/2R4K w - - 0 59,f7e7,249
8/4R3/1k6/8/6P1/5prP/4p3/2R4K b - - 1 59,g3h3,398
8/4R3/1k6/8/6P1/5p1r/4p3/2R4K w - - 0 60,h1g1,397
8/4R3/1k6/8/6P1/5p1r/4p3/2R3K1 b - - 1 60,h3h4,395
8/4R3/1k6/8/6Pr/5p2/4p3/2R3K1 w - - 2 61,g1f2,394
8/4R3/1k6/8/6Pr/5p2/4pK2/2R5 b - - 3 61,h4g4,392
8/4R3/1k6/8/6r1/5p2/4pK2/2R5 w - - 0 62,e7e6,391
8/8/1k2R3/8/6r1/5p2/4pK2/2R5 b - - 1 62,b6b7,395
8/1k6/4R3/8/6r1/5p2/4pK2/2R5 w - - 2 63,f2f3,406
8/1k6/4R3/8/6r1/5K2/4p3/2R5 b - - 0 63,g4g8,418
6r1/1k6/4R3/8/8/5K2/4p3/2R5 w - - 1 64,c1c3,415
6r1/1k6/4R3/8/8/2R2K2/4p3/8 b - - 2 64,g8h8,403
7r/1k6/4R3/8/8/2R2K2/4p3/8 w - - 3 65,f3e2,411
7r/1k6/4R3/8/8/2R5/4K3/8 b - - 0 65,h8h2,408
8/1k6/4R3/8/8/2R5/4K2r/8 w - - 1 66,e2d1,407
8/1k6/4R3/8/8/2R5/7r/3K4 b - - 2 66,h2h5,398
8/1k6/4R3/7r/8/2R5/8/3K4 w - - 3 67,c3g3,405
8/1k6/4R3/7r/8/6R1/8/3K4 b - - 4 67,h5h1,421
8/1k6/4R3/8/8/6R1/8/3K3r w - - 5 68,d1e2,402
8/1k6/4R3/8/8/6R1/4K3/7r b - - 6 68,h1h8,410
7r/1k6/4R3/8/8/6R1/4K3/8 w - - 7 69,g3g7,425
7r/1k4R1/4R3/8/8/8/4K3/8 b - - 8 69,b7c8,487
2k4r/6R1/4R3/8/8/8/4K3/8 w - - 9 70,e6f6,442
2k4r/6R1/5R2/8/8/8/4K3/8 b - - 10 70,h8e8,440
2k1r3/6R1/5R2/8/8/8/4K3/8 w - - 11 71,e2f2,447
2k1r3/6R1/5R2/8/8/8/5K2/8 b - - 12 71,e8d8,425
2kr4/6R1/5R2/8/8/8/5K2/8 w - - 13 72,g7f7,492
2kr4/5R2/5R2/8/8/8/5K2/8 b - - 14 72,d8d4,427
2k5/5R2/5R2/8/3r4/8/5K2/8 w - - 15 73,f7g7,430
2k5/6R1/5R2/8/3r4/8/5K2/8 b - - 16 73,d4d8,447
2kr4/6R1/5R2/8/8/8/5K2/8 w - - 17 74,g7f7,527
2kr4/5R2/5R2/8/8/8/5K2/8 b - - 18 74,d8d3,418
2k5/5R2/5R2/8/8/3r4/5K2/8 w - - 19 75,f7e7,417
2k5/4R3/5R2/8/8/3r4/5K2/8 b - - 20 75,d3d8,427
2kr4/4R3/5R2/8/8/8/5K2/8 w - - 21 76,e7h7,410
2kr4/7R/5R2/8/8/8/5K2/8 b - - 22 76,c8b8,452
1k1r4/7R/5R2/8/8/8/5K2/8 w - - 23 77,f6f7,425
1k1r4/5R1R/8/8/8/8/5K2/8 b - - 24 77,b8a8,536
k2r4/5R1R/8/8/8/8/5K2/8 w - - 25 78,f7a7,533
k2r4/R6R/8/8/8/8/5K2/8 b - - 26 78,a8b8,537
1k1r4/R6R/8/8/8/8/5K2/8 w - - 27 79,a7b7,533
1k1r4/1R5R/8/8/8/8/5K2/8 b - - 28 79,b8a8,517
k2r4/1R5R/8/8/8/8/5K2/8 w - - 29 80,b7a7,539
k2r4/R6R/8/8/8/8/5K2/8 b - - 30 80,a8b8,534
1k1r4/R6R/8/8/8/8/5K2/8 w - - 31 81,h7b7,540
1k1r4/RR6/8/8/8/8/5K2/8 b - - 32 81,b8c8,528
2kr4/RR6/8/8/8/8/5K2/8 w - - 33 82,a7a8,539
R1kr4/1R6/8/8/8/8/5K2/8 b - - 34 82,c8b7,541
R2r4/1k6/8/8/8/8/5K2/8 w - - 0 83,a8d8,535
3R4/1k6/8/8/8/8/5K2/8 b - - 0 83,b7b6,534
3R4/8/1k6/8/8/8/5K2/8 w - - 1 84,f2e3,530
3R4/8/1k6/8/8/4K3/8/8 b - - 2 84,b6c5,525
3R4/8/8/2k5/8/4K3/8/8 w - - 3 85,d8b8,525
1R6/8/8/2k5/8/4K3/8/8 b - - 4 85,c5d5,517
1R6/8/8/3k4/8/4K3/8/8 w - - 5 86,b8c8,522
2R5/8/8/3k4/8/4K3/8/8 b - - 6 86,d5e6,517
2R5/8/4k3/8/8/4K3/8/8 w - - 7 87,c8c4,512
8/8/4k3/8/2R5/4K3/8/8 b - - 8 87,e6f7,510
8/5k2/8/8/2R5/4K3/8/8 w - - 9 88,e3f4,513
8/5k2/8/8/2R2K2/8/8/8 b - - 10 88,f7e6,504
8/8/4k3/8/2R2K2/8/8/8 w - - 11 89,c4c2,509
8/8/4k3/8/5K2/8/2R5/8 b - - 12 89,e6f6,499
8/8/5k2/8/5K2/8/2R5/8 w - - 13 90,c2a2,504
8/8/5k2/8/5K2/8/R7/8 b - - 14 90,f6g6,503
8/8/6k1/8/5K2/8/R7/8 w - - 15 91,f4g4,505
8/8/6k1/8/6K1/8/R7/8 b - - 16 91,g6f7,493
8/5k2/8/8/6K1/8/R7/8 w - - 17 92,g4g5,505
8/5k2/8/6K1/8/8/R7/8 b - - 18 92,f7e8,489
4k3/8/8/6K1/8/8/R7/8 w - - 19 93,g5f6,491
4k3/8/5K2/8/8/8/R7/8 b - - 20 93,e8d7,486
8/3k4/5K2/8/8/8/R7/8 w - - 21 94,f6e5,483
8/3k4/8/4K3/8/8/R7/8 b - - 22 94,d7c7,478
8/2k5/8/4K3/8/8/R7/8 w - - 23 95,a2a6,479
8/2k5/R7/4K3/8/8/8/8 b - - 24 95,c7d7,471
8/3k4/R7/4K3/8/8/8/8 w - - 25 96,a6a2,480
8/3k4/8/4K3/8/8/R7/8 b - - 26 96,d7c6,468
8/8/2k5/4K3/8/8/R7/8 w - - 27 97,a2g2,460
8/8/2k5/4K3/8/8/6R1/8 b - - 28 97,c6d7,455
8/3k4/8/4K3/8/8/6R1/8 w - - 29 98,g2g7,464
8/3k2R1/8/4K3/8/8/8/8 b - - 30 98,d7c6,457
8/6R1/2k5/4K3/8/8/8/8 w - - 31 99,e5f6,450
8/6R1/2k2K2/8/8/8/8/8 b - - 32 99,c6d5,442
8/6R1/5K2/3k4/8/8/8/8 w - - 33 100,g7g4,440
8/8/5K2/3k4/6R1/8/8/8 b - - 34 100,d5c6,444
8/8/2k2K2/8/6R1/8/8/8 w - - 35 101,g4g1,439
8/8/2k2K2/8/8/8/8/6R1 b - - 36 101,c6c5,434
8/8/5K2/2k5/8/8/8/6R1 w - - 37 102,f6f7,437
8/5K2/8/2k5/8/8/8/6R1 b - - 38 102,c5c4,417
8/5K2/8/8/2k5/8/8/6R1 w - - 39 103,g1g5,415
8/5K2/8/6R1/2k5/8/8/8 b - - 40 103,c4b3,417
8/5K2/8/6R1/8/1k6/8/8 w - - 41 104,f7e6,420
8/8/4K3/6R1/8/1k6/8/8 b - - 42 104,b3c4,407
8/8/4K3/6R1/2k5/8/8/8 w - - 43 105,g5d5,413
8/8/4K3/3R4/2k5/8/8/8 b - - 44 105,c4b3,398
8/8/4K3/3R4/8/1k6/8/8 w - - 45 106,d5d2,408
8/8/4K3/8/8/1k6/3R4/8 b - - 46 106,b3c3,400
8/8/4K3/8/8/2k5/3R4/8 w - - 47 107,d2f2,399
8/8/4K3/8/8/2k5/5R2/8 b - - 48 107,c3d3,390
8/8/4K3/8/8/3k4/5R2/8 w - - 49 108,e6e7,393
8/4K3/8/8/8/3k4/5R2/8 b - - 50 108,d3e4,378
8/4K3/8/8/4k3/8/5R2/8 w - - 51 109,e7f7,394
8/5K2/8/8/4k3/8/5R2/8 b - - 52 109,e4d3,371
8/5K2/8/8/8/3k4/5R2/8 w - - 53 110,f7e6,378
8/8/4K3/8/8/3k4/5R2/8 b - - 54 110,d3d4,361
8/8/4K3/8/3k4/8/5R2/8 w - - 55 111,f2f3,370
8/8/4K3/8/3k4/5R2/8/8 b - - 56 111,d4c4,369
8/8/4K3/8/2k5/5R2/8/8 w - - 57 112,e6f6,372
8/8/5K2/8/2k5/5R2/8/8 b - - 58 112,c4b4,367
8/8/5K2/8/1k6/5R2/8/8 w - - 59 113,f6g5,378
8/8/8/6K1/1k6/5R2/8/8 b - - 60 113,b4c4,366
8/8/8/6K1/2k5/5R2/8/8 w - - 61 114,f3a3,364
8/8/8/6K1/2k5/R7/8/8 b - - 62 114,c4b5,353
8/8/8/1k4K1/8/R7/8/8 w - - 63 115,a3b3,362
8/8/8/1k4K1/8/1R6/8/8 b - - 64 115,b5c4,354
8/8/8/6K1/2k5/1R6/8/8 w - - 65 116,b3a3,350
8/8/8/6K1/2k5/R7/8/8 b - - 66 116,c4b4,337
8/8/8/6K1/1k6/R7/8/8 w - - 67 117,a3e3,346
8/8/8/6K1/1k6/4R3/8/8 b - - 68 117,b4b5,341
8/8/8/1k4K1/8/4R3/8/8 w - - 69 118,e3e7,352
8/4R3/8/1k4K1/8/8/8/8 b - - 70 118,b5c4,334
8/4R3/8/6K1/2k5/8/8/8 w - - 71 119,e7d7,333
8/3R4/8/6K1/2k5/8/8/8 b - - 72 119,c4c3,325
8/3R4/8/6K1/8/2k5/8/8 w - - 73 120,g5g6,328
8/3R4/6K1/8/8/2k5/8/8 b - - 74 120,c3c2,323
8/3R4/6K1/8/8/8/2k5/8 w - - 75 121,d7d5,325
8/8/6K1/3R4/8/8/2k5/8 b - - 76 121,c2b2,313
8/8/6K1/3R4/8/8/1k6/8 w - - 77 122,d5d6,319
8/8/3R2K1/8/8/8/1k6/8 b - - 78 122,b2c3,310
8/8/3R2K1/8/8/2k5/8/8 w - - 79 123,g6f5,310
8/8/3R4/5K2/8/2k5/8/8 b - - 80 123,c3c4,303
8/8/3R4/5K2/2k5/8/8/8 w - - 81 124,d6g6,308
8/8/6R1/5K2/2k5/8/8/8 b - - 82 124,c4d3,301
8/8/6R1/5K2/8/3k4/8/8 w - - 83 125,g6d6,295
8/8/3R4/5K2/8/3k4/8/8 b - - 84 125,d3e2,292
8/8/3R4/5K2/8/8/4k3/8 w - - 85 126,f5e4,292
8/8/3R4/8/4K3/8/4k3/8 b - - 86 126,e2f2,294
8/8/3R4/8/4K3/8/5k2/8 w - - 87 127,e4f4,294
8/8/3R4/8/5K2/8/5k2/8 b - - 88 127,f2e2,285
8/8/3R4/8/5K2/8/4k3/8 w - - 89 128,f4e4,294
8/8/3R4/8/4K3/8/4k3/8 b - - 90 128,e2f2,274
8/8/3R4/8/4K3/8/5k2/8 w - - 91 129,d6f6,272
8/8/5R2/8/4K3/8/5k2/8 b - - 92 129,f2e2,3
8/8/5R2/8/4K3/8/4k3/8 w - - 93 130,f6e6,0
8/8/4R3/8/4K3/8/4k3/8 b - - 94 130,e2f2,0
8/8/4R3/8/4K3/8/5k2/8 w - - 95 131,e4d4,0
8/8/4R3/8/3K4/8/5k2/8 b - - 96 131,f2g2,0
8/8/4R3/8/3K4/8/6k1/8 w - - 97 132,e6g6,0
8/8/6R1/8/3K4/8/6k1/8 b - - 98 132,g2f2,0
rnbqk2r/p1pp3p/5ppn/1p6/3pP3/b4QP1/RPPP1P1P/1NB1KBR1 w kq - 2 9,f3a3,-70
rnbqk2r/p1pp3p/5ppn/1p6/3pP3/Q5P1/RPPP1P1P/1NB1KBR1 b kq - 0 9,c7c6,-80
rnbqk2r/p2p3p/2p2ppn/1p6/3pP3/Q5P1/RPPP1P1P/1NB1KBR1 w kq - 0 10,a3d6,-97
rnbqk2r/p2p3p/2pQ1ppn/1p6/3pP3/6P1/RPPP1P1P/1NB1KBR1 b kq - 1 10,a7a5,-89
rnbqk2r/3p3p/2pQ1ppn/pp6/3pP3/6P1/RPPP1P1P/1NB1KBR1 w kq - 0 11,b2b4,-83
rnbqk2r/3p3p/2pQ1ppn/pp6/1P1pP3/6P1/R1PP1P1P/1NB1KBR1 b kq - 0 11,h6f7,-67
rnbqk2r/3p1n1p/2pQ1pp1/pp6/1P1pP3/6P1/R1PP1P1P/1NB1KBR1 w kq - 1 12,d6d4,-59
rnbqk2r/3p1n1p/2p2pp1/pp6/1P1QP3/6P1/R1PP1P1P/1NB1KBR1 b kq - 0 12,b8a6,-108
r1bqk2r/3p1n1p/n1p2pp1/pp6/1P1QP3/6P1/R1PP1P1P/1NB1KBR1 w kq - 1 13,b4a5,-106
r1bqk2r/3p1n1p/n1p2pp1/Pp6/3QP3/6P1/R1PP1P1P/1NB1KBR1 b kq - 0 13,e8g8,-104
r1bq1rk1/3p1n1p/n1p2pp1/Pp6/3QP3/6P1/R1PP1P1P/1NB1KBR1 w - - 1 14,c1b2,-76
r1bq1rk1/3p1n1p/n1p2pp1/Pp6/3QP3/6P1/RBPP1P1P/1N2KBR1 b - - 2 14,f7g5,-97
r1bq1rk1/3p3p/n1p2pp1/Pp4n1/3QP3/6P1/RBPP1P1P/1N2KBR1 w - - 3 15,f1e2,-96
r1bq1rk1/3p3p/n1p2pp1/Pp4n1/3QP3/6P1/RBPPBP1P/1N2K1R1 b - - 4 15,d7d5,-82
r1bq1rk1/7p/n1p2pp1/Pp1p2n1/3QP3/6P1/RBPPBP1P/1N2K1R1 w - - 0 16,f2f3,-99
r1bq1rk1/7p/n1p2pp1/Pp1p2n1/3QP3/5PP1/RBPPB2P/1N2K1R1 b - - 0 16,g5e6,-145
r1bq1rk1/7p/n1p1npp1/Pp1p4/3QP3/5PP1/RBPPB2P/1N2K1R1 w - - 1 17,d4c3,-123
r1bq1rk1/7p/n1p1npp1/Pp1p4/4P3/2Q2PP1/RBPPB2P/1N2K1R1 b - - 2 17,c6c5,-115
r1bq1rk1/7p/n3npp1/Pppp4/4P3/2Q2PP1/RBPPB2P/1N2K1R1 w - - 0 18,c3b3,-132
r1bq1rk1/7p/n3npp1/Pppp4/4P3/1Q3PP1/RBPPB2P/1N2K1R1 b - - 1 18,e6c7,-130
r1bq1rk1/2n4p/n4pp1/Pppp4/4P3/1Q3PP1/RBPPB2P/1N2K1R1 w - - 2 19,e1f2,-109
r1bq1rk1/2n4p/n4pp1/Pppp4/4P3/1Q3PP1/RBPPBK1P/1N4R1 b - - 3 19,c8e6,-176
r2q1rk1/2n4p/n3bpp1/Pppp4/4P3/1Q3PP1/RBPPBK1P/1N4R1 w - - 4 20,a2a1,-160
r2q1rk1/2n4p/n3bpp1/Pppp4/4P3/1Q3PP1/1BPPBK1P/RN4R1 b - - 5 20,d5d4,-167
r2q1rk1/2n4p/n3bpp1/Ppp5/3pP3/1Q3PP1/1BPPBK1P/RN4R1 w - - 0 21,b3a3,-198
r2q1rk1/2n4p/n3bpp1/Ppp5/3pP3/Q4PP1/1BPPBK1P/RN4R1 b - - 1 21,f6f5,-202
r2q1rk1/2n4p/n3b1p1/Ppp2p2/3pP3/Q4PP1/1BPPBK1P/RN4R1 w - - 0 22,d2d3,-252
r2q1rk1/2n4p/n3b1p1/Ppp2p2/3pP3/Q2P1PP1/1BP1BK1P/RN4R1 b - - 0 22,b5b4,-147
r2q1rk1/2n4p/n3b1p1/P1p2p2/1p1pP3/Q2P1PP1/1BP1BK1P/RN4R1 w - - 0 23,a3a4,-186
r2q1rk1/2n4p/n3b1p1/P1p2p2/Qp1pP3/3P1PP1/1BP1BK1P/RN4R1 b - - 1 23,c5c4,-181
r2q1rk1/2n4p/n3b1p1/P4p2/QpppP3/3P1PP1/1BP1BK1P/RN4R1 w - - 0 24,d3c4,-163
r2q1rk1/2n4p/n3b1p1/P4p2/QpPpP3/5PP1/1BP1BK1P/RN4R1 b - - 0 24,f5e4,-215
r2q1rk1/2n4p/n3b1p1/P7/QpPpp3/5PP1/1BP1BK1P/RN4R1 w - - 0 25,a4c6,-200
r2q1rk1/2n4p/n1Q1b1p1/P7/1pPpp3/5PP1/1BP1BK1P/RN4R1 b - - 1 25,e4f3,-167
r2q1rk1/2n4p/n1Q1b1p1/P7/1pPp4/5pP1/1BP1BK1P/RN4R1 w - - 0 26,e2d3,-200
r2q1rk1/2n4p/n1Q1b1p1/P7/1pPp4/3B1pP1/1BP2K1P/RN4R1 b - - 1 26,b4b3,-160
r2q1rk1/2n4p/n1Q1b1p1/P7/2Pp4/1p1B1pP1/1BP2K1P/RN4R1 w - - 0 27,b2a3,-163
r2q1rk1/2n4p/n1Q1b1p1/P7/2Pp4/Bp1B1pP1/2P2K1P/RN4R1 b - - 1 27,b3c2,-287
r2q1rk1/2n4p/n1Q1b1p1/P7/2Pp4/B2B1pP1/2p2K1P/RN4R1 w - - 0 28,g1e1,-257
r2q1rk1/2n4p/n1Q1b1p1/P7/2Pp4/B2B1pP1/2p2K1P/RN2R3 b - - 1 28,c2b1r,-244
r2q1rk1/2n4p/n1Q1b1p1/P7/2Pp4/B2B1pP1/5K1P/Rr2R3 w - - 0 29,a1b1,-242
r2q1rk1/2n4p/n1Q1b1p1/P7/2Pp4/B2B1pP1/5K1P/1R2R3 b - - 0 29,d8g5,-252
r4rk1/2n4p/n1Q1b1p1/P5q1/2Pp4/B2B1pP1/5K1P/1R2R3 w - - 1 30,b1b2,-283
r4rk1/2n4p/n1Q1b1p1/P5q1/2Pp4/B2B1pP1/1R3K1P/4R3 b - - 2 30,f8e8,-265
r3r1k1/2n4p/n1Q1b1p1/P5q1/2Pp4/B2B1pP1/1R3K1P/4R3 w - - 3 31,a3d6,-304
r3r1k1/2n4p/n1QBb1p1/P5q1/2Pp4/3B1pP1/1R3K1P/4R3 b - - 4 31,a8b8,-277
1r2r1k1/2n4p/n1QBb1p1/P5q1/2Pp4/3B1pP1/1R3K1P/4R3 w - - 5 32,b2a2,-312
1r2r1k1/2n4p/n1QBb1p1/P5q1/2Pp4/3B1pP1/R4K1P/4R3 b - - 6 32,b8b3,-300
4r1k1/2n4p/n1QBb1p1/P5q1/2Pp4/1r1B1pP1/R4K1P/4R3 w - - 7 33,d3e4,-321
4r1k1/2n4p/n1QBb1p1/P5q1/2PpB3/1r3pP1/R4K1P/4R3 b - - 8 33,b3e3,-291
4r1k1/2n4p/n1QBb1p1/P5q1/2PpB3/4rpP1/R4K1P/4R3 w - - 9 34,e1b1,-367
4r1k1/2n4p/n1QBb1p1/P5q1/2PpB3/4rpP1/R4K1P/1R6 b - - 10 34,e6h3,-388
4r1k1/2n4p/n1QB2p1/P5q1/2PpB3/4rpPb/R4K1P/1R6 w - - 11 35,b1b5,-349
4r1k1/2n4p/n1QB2p1/PR4q1/2PpB3/4rpPb/R4K1P/8 b - - 12 35,g5g4,-458
4r1k1/2n4p/n1QB2p1/PR6/2PpB1q1/4rpPb/R4K1P/8 w - - 13 36,e4d5,-378
4r1k1/2n4p/n1QB2p1/PR1B4/2Pp2q1/4rpPb/R4K1P/8 b - - 14 36,c7d5,-465
4r1k1/7p/n1QB2p1/PR1n4/2Pp2q1/4rpPb/R4K1P/8 w - - 0 37,c6d5,-455
4r1k1/7p/n2B2p1/PR1Q4/2Pp2q1/4rpPb/R4K1P/8 b - - 0 37,g4e6,-471
4r1k1/7p/n2Bq1p1/PR1Q4/2Pp4/4rpPb/R4K1P/8 w - - 1 38,d5e6,-492
4r1k1/7p/n2BQ1p1/PR6/2Pp4/4rpPb/R4K1P/8 b - - 0 38,h3e6,-535
4r1k1/7p/n2Bb1p1/PR6/2Pp4/4rpP1/R4K1P/8 w - - 0 39,b5b6,-522
4r1k1/7p/nR1Bb1p1/P7/2Pp4/4rpP1/R4K1P/8 b - - 1 39,e6c4,-566
4r1k1/7p/nR1B2p1/P7/2bp4/4rpP1/R4K1P/8 w - - 0 40,a2b2,-582
4r1k1/7p/nR1B2p1/P7/2bp4/4rpP1/1R3K1P/8 b - - 1 40,e3e2,-557
4r1k1/7p/nR1B2p1/P7/2bp4/5pP1/1R2rK1P/8 w - - 2 41,f2f3,-536
4r1k1/7p/nR1B2p1/P7/2bp4/5KP1/1R2r2P/8 b - - 0 41,d4d3,-558
4r1k1/7p/nR1B2p1/P7/2b5/3p1KP1/1R2r2P/8 w - - 0 42,b2e2,-568
4r1k1/7p/nR1B2p1/P7/2b5/3p1KP1/4R2P/8 b - - 0 42,d3e2,-624
4r1k1/7p/nR1B2p1/P7/2b5/5KP1/4p2P/8 w - - 0 43,b6b1,-632
4r1k1/7p/n2B2p1/P7/2b5/5KP1/4p2P/1R6 b - - 1 43,e2e1q,-628
4r1k1/7p/n2B2p1/P7/2b5/5KP1/7P/1R2q3 w - - 0 44,b1e1,-605
4r1k1/7p/n2B2p1/P7/2b5/5KP1/7P/4R3 b - - 0 44,e8e1,-633
6k1/7p/n2B2p1/P7/2b5/5KP1/7P/4r3 w - - 0 45,h2h4,-627
6k1/7p/n2B2p1/P7/2b4P/5KP1/8/4r3 b - - 0 45,e1d1,-633
6k1/7p/n2B2p1/P7/2b4P/5KP1/8/3r4 w - - 1 46,h4h5,-598
6k1/7p/n2B2p1/P6P/2b5/5KP1/8/3r4 b - - 0 46,g6h5,-604
6k1/7p/n2B4/P6p/2b5/5KP1/8/3r4 w - - 0 47,d6b8,-686
1B4k1/7p/n7/P6p/2b5/5KP1/8/3r4 b - - 1 47,d1d3,-693
1B4k1/7p/n7/P6p/2b5/3r1KP1/8/8 w - - 2 48,f3f4,-664
1B4k1/7p/n7/P6p/2b2K2/3r2P1/8/8 b - - 3 48,a6b8,-3382
1n4k1/7p/8/P6p/2b2K2/3r2P1/8/8 w - - 0 49,f4g5,-3437
1n4k1/7p/8/P5Kp/2b5/3r2P1/8/8 b - - 1 49,c4f7,-708
1n4k1/5b1p/8/P5Kp/8/3r2P1/8/8 w - - 2 50,g5h4,-761
1n4k1/5b1p/8/P6p/7K/3r2P1/8/8 b - - 3 50,b8a6,-748
6k1/5b1p/n7/P6p/7K/3r2P1/8/8 w - - 4 51,h4h3,-775
6k1/5b1p/n7/P6p/8/3r2PK/8/8 b - - 5 51,h7h6,-815
6k1/5b2/n6p/P6p/8/3r2PK/8/8 w - - 0 52,h3g2,-802
6k1/5b2/n6p/P6p/8/3r2P1/6K1/8 b - - 1 52,f7e6,-811
6k1/8/n3b2p/P6p/8/3r2P1/6K1/8 w - - 2 53,g2h2,-839
6k1/8/n3b2p/P6p/8/3r2P1/7K/8 b - - 3 53,g8g7,-861
8/6k1/n3b2p/P6p/8/3r2P1/7K/8 w - - 4 54,h2g2,-826
8/6k1/n3b2p/P6p/8/3r2P1/6K1/8 b - - 5 54,a6c5,-3604
8/6k1/4b2p/P1n4p/8/3r2P1/6K1/8 w - - 6 55,a5a6,-3392
8/6k1/P3b2p/2n4p/8/3r2P1/6K1/8 b - - 0 55,d3g3,-3427
8/6k1/P3b2p/2n4p/8/6r1/6K1/8 w - - 0 56,g2g3,-3443
8/6k1/P3b2p/2n4p/8/6K1/8/8 b - - 0 56,c5a6,-3441
8/6k1/n3b2p/7p/8/6K1/8/8 w - - 0 57,g3h4,-3427
8/6k1/n3b2p/7p/7K/8/8/8 b - - 1 57,g7g6,-3436
8/8/n3b1kp/7p/7K/8/8/8 w - - 2 58,h4g3,-3430
8/8/n3b1kp/7p/8/6K1/8/8 b - - 3 58,g6g5,-3446
8/8/n3b2p/6kp/8/6K1/8/8 w - - 4 59,g3g2,-3446
8/8/n3b2p/6kp/8/8/6K1/8 b - - 5 59,g5g4,-3472
8/8/n3b2p/7p/6k1/8/6K1/8 w - - 6 60,g2f2,-3889
8/8/n3b2p/7p/6k1/8/5K2/8 b - - 7 60,h5h4,-3850
8/8/n3b2p/8/6kp/8/5K2/8 w - - 0 61,f2e3,-3850
8/8/n3b2p/8/6kp/4K3/8/8 b - - 1 61,g4g3,-3807
8/8/n3b2p/8/7p/4K1k1/8/8 w - - 2 62,e3e4,-3853
8/8/n3b2p/8/4K2p/6k1/8/8 b - - 3 62,h4h3,-3867
8/8/n3b2p/8/4K3/6kp/8/8 w - - 0 63,e4e5,-3862
8/8/n3b2p/4K3/8/6kp/8/8 b - - 1 63,h3h2,-3834
8/8/n3b2p/4K3/8/6k1/7p/8 w - - 0 64,e5e6,-3836
8/8/n3K2p/8/8/6k1/7p/8 b - - 0 64,h2h1q,-3870
8/8/n3K2p/8/8/6k1/8/7q w - - 0 65,e6e5,-3895
8/8/n6p/4K3/8/6k1/8/7q b - - 1 65,h6h5,-4331
8/8/n7/4K2p/8/6k1/8/7q w - - 0 66,e5d4,-4322
8/8/n7/7p/3K4/6k1/8/7q b - - 1 66,h1f1,-4436
8/8/n7/7p/3K4/6k1/8/5q2 w - - 2 67,d4d5,-4467
8/8/n7/3K3p/8/6k1/8/5q2 b - - 3 67,f1b5,-4478
8/8/n7/1q1K3p/8/6k1/8/8 w - - 4 68,d5e6,-4482
8/8/n3K3/1q5p/8/6k1/8/8 b - - 5 68,h5h4,-4523
8/8/n3K3/1q6/7p/6k1/8/8 w - - 0 69,e6f7,-4525
8/5K2/n7/1q6/7p/6k1/8/8 b - - 1 69,h4h3,-4535
8/5K2/n7/1q6/8/6kp/8/8 w - - 0 70,f7f8,-7
5K2/8/n7/1q6/8/6kp/8/8 b - - 1 70,h3h2,-8
5K2/8/n7/1q6/8/6k1/7p/8 w - - 0 71,f8g7,-7
8/6K1/n7/1q6/8/6k1/7p/8 b - - 1 71,b5d7,-4
8/3q2K1/n7/8/8/6k1/7p/8 w - - 2 72,g7g6,-5
8/3q4/n5K1/8/8/6k1/7p/8 b - - 3 72,h2h1q,-3
8/3q4/n5K1/8/8/6k1/8/7q w - - 0 73,g6f6,-2
8/3q4/n4K2/8/8/6k1/8/7q b - - 1 73,h1c6,-2
8/3q4/n1q2K2/8/8/6k1/8/8 w - - 2 74,f6g5,-1
8/3q4/n1q5/6K1/8/6k1/8/8 b - - 3 74,d7g4,-1
rnbqkb1r/pppppppp/7n/8/2P5/4P3/PP1P1PPP/RNBQKBNR b KQkq - 0 2,g7g6,45
rnbqkb1r/pppppp1p/6pn/8/2P5/4P3/PP1P1PPP/RNBQKBNR w KQkq - 0 3,b1c3,35
rnbqkb1r/pppppp1p/6pn/8/2P5/2N1P3/PP1P1PPP/R1BQKBNR b KQkq - 1 3,f8g7,58
rnbqk2r/ppppppbp/6pn/8/2P5/2N1P3/PP1P1PPP/R1BQKBNR w KQkq - 2 4,d2d4,52
rnbqk2r/ppppppbp/6pn/8/2PP4/2N1P3/PP3PPP/R1BQKBNR b KQkq - 0 4,d7d6,50
rnbqk2r/ppp1ppbp/3p2pn/8/2PP4/2N1P3/PP3PPP/R1BQKBNR w KQkq - 0 5,e3e4,54
rnbqk2r/ppp1ppbp/3p2pn/8/2PPP3/2N5/PP3PPP/R1BQKBNR b KQkq - 0 5,f7f5,58
rnbqk2r/ppp1p1bp/3p2pn/5p2/2PPP3/2N5/PP3PPP/R1BQKBNR w KQkq - 0 6,g1f3,53
rnbqk2r/ppp1p1bp/3p2pn/5p2/2PPP3/2N2N2/PP3PPP/R1BQKB1R b KQkq - 1 6,e8g8,49
rnbq1rk1/ppp1p1bp/3p2pn/5p2/2PPP3/2N2N2/PP3PPP/R1BQKB1R w KQ - 2 7,f1e2,53
rnbq1rk1/ppp1p1bp/3p2pn/5p2/2PPP3/2N2N2/PP2BPPP/R1BQK2R b KQ - 3 7,e7e5,43
rnbq1rk1/ppp3bp/3p2pn/4pp2/2PPP3/2N2N2/PP2BPPP/R1BQK2R w KQ - 0 8,d4e5,57
rnbq1rk1/ppp3bp/3p2pn/4Pp2/2P1P3/2N2N2/PP2BPPP/R1BQK2R b KQ - 0 8,d6e5,60
rnbq1rk1/ppp3bp/6pn/4pp2/2P1P3/2N2N2/PP2BPPP/R1BQK2R w KQ - 0 9,d1d8,51
rnbQ1rk1/ppp3bp/6pn/4pp2/2P1P3/2N2N2/PP2BPPP/R1B1K2R b KQ - 0 9,f8d8,65
rnbr2k1/ppp3bp/6pn/4pp2/2P1P3/2N2N2/PP2BPPP/R1B1K2R w KQ - 0 10,c1g5,54
rnbr2k1/ppp3bp/6pn/4ppB1/2P1P3/2N2N2/PP2BPPP/R3K2R b KQ - 1 10,d8d7,54
rnb3k1/pppr2bp/6pn/4ppB1/2P1P3/2N2N2/PP2BPPP/R3K2R w KQ - 2 11,f3e5,105
rnb3k1/pppr2bp/6pn/4NpB1/2P1P3/2N5/PP2BPPP/R3K2R b KQ - 0 11,g7e5,50
rnb3k1/pppr3p/6pn/4bpB1/2P1P3/2N5/PP2BPPP/R3K2R w KQ - 0 12,g5h6,63
rnb3k1/pppr3p/6pB/4bp2/2P1P3/2N5/PP2BPPP/R3K2R b KQ - 0 12,b8c6,85
r1b3k1/pppr3p/2n3pB/4bp2/2P1P3/2N5/PP2BPPP/R3K2R w KQ - 1 13,f2f4,85
r1b3k1/pppr3p/2n3pB/4bp2/2P1PP2/2N5/PP2B1PP/R3K2R b KQ - 0 13,e5c3,68
r1b3k1/pppr3p/2n3pB/5p2/2P1PP2/2b5/PP2B1PP/R3K2R w KQ - 0 14,b2c3,90
r1b3k1/pppr3p/2n3pB/5p2/2P1PP2/2P5/P3B1PP/R3K2R b KQ - 0 14,f5e4,81
r1b3k1/pppr3p/2n3pB/8/2P1pP2/2P5/P3B1PP/R3K2R w KQ - 0 15,g2g4,67
r1b3k1/pppr3p/2n3pB/8/2P1pPP1/2P5/P3B2P/R3K2R b KQ - 0 15,d7f7,75
r1b3k1/ppp2r1p/2n3pB/8/2P1pPP1/2P5/P3B2P/R3K2R w KQ - 1 16,h2h4,86
r1b3k1/ppp2r1p/2n3pB/8/2P1pPPP/2P5/P3B3/R3K2R b KQ - 0 16,c8e6,89
r5k1/ppp2r1p/2n1b1pB/8/2P1pPPP/2P5/P3B3/R3K2R w KQ - 1 17,h4h5,85
r5k1/ppp2r1p/2n1b1pB/7P/2P1pPP1/2P5/P3B3/R3K2R b KQ - 0 17,f7d7,86
r5k1/pppr3p/2n1b1pB/7P/2P1pPP1/2P5/P3B3/R3K2R w KQ - 1 18,a1b1,92
r5k1/pppr3p/2n1b1pB/7P/2P1pPP1/2P5/P3B3/1R2K2R b K - 2 18,b7b6,113
r5k1/p1pr3p/1pn1b1pB/7P/2P1pPP1/2P5/P3B3/1R2K2R w K - 0 19,f4f5,158
r5k1/p1pr3p/1pn1b1pB/5P1P/2P1p1P1/2P5/P3B3/1R2K2R b K - 0 19,e6f7,117
r5k1/p1pr1b1p/1pn3pB/5P1P/2P1p1P1/2P5/P3B3/1R2K2R w K - 1 20,h5g6,141
r5k1/p1pr1b1p/1pn3PB/5P2/2P1p1P1/2P5/P3B3/1R2K2R b K - 0 20,h7g6,98
r5k1/p1pr1b2/1pn3pB/5P2/2P1p1P1/2P5/P3B3/1R2K2R w K - 0 21,h6g5,174
r5k1/p1pr1b2/1pn3p1/5PB1/2P1p1P1/2P5/P3B3/1R2K2R b K - 1 21,d7d6,128
r5k1/p1p2b2/1pnr2p1/5PB1/2P1p1P1/2P5/P3B3/1R2K2R w K - 2 22,e1f2,168
r5k1/p1p2b2/1pnr2p1/5PB1/2P1p1P1/2P5/P3BK2/1R5R b - - 3 22,a8e8,120
4r1k1/p1p2b2/1pnr2p1/5PB1/2P1p1P1/2P5/P3BK2/1R5R w - - 4 23,f2g3,120
4r1k1/p1p2b2/1pnr2p1/5PB1/2P1p1P1/2P3K1/P3B3/1R5R b - - 5 23,g8g7,180
4r3/p1p2bk1/1pnr2p1/5PB1/2P1p1P1/2P3K1/P3B3/1R5R w - - 6 24,c4c5,177
4r3/p1p2bk1/1pnr2p1/2P2PB1/4p1P1/2P3K1/P3B3/1R5R b - - 0 24,d6d5,217
4r3/p1p2bk1/1pn3p1/2Pr1PB1/4p1P1/2P3K1/P3B3/1R5R w - - 1 25,g5h6,206
4r3/p1p2bk1/1pn3pB/2Pr1P2/4p1P1/2P3K1/P3B3/1R5R b - - 2 25,g7f6,203
4r3/p1p2b2/1pn2kpB/2Pr1P2/4p1P1/2P3K1/P3B3/1R5R w - - 3 26,g4g5,163
4r3/p1p2b2/1pn2kpB/2Pr1PP1/4p3/2P3K1/P3B3/1R5R b - - 0 26,f6e7,174
4r3/p1p1kb2/1pn3pB/2Pr1PP1/4p3/2P3K1/P3B3/1R5R w - - 1 27,f5f6,146
4r3/p1p1kb2/1pn2PpB/2Pr2P1/4p3/2P3K1/P3B3/1R5R b - - 0 27,e7d7,178
4r3/p1pk1b2/1pn2PpB/2Pr2P1/4p3/2P3K1/P3B3/1R5R w - - 1 28,c5b6,140
4r3/p1pk1b2/1Pn2PpB/3r2P1/4p3/2P3K1/P3B3/1R5R b - - 0 28,a7b6,127
4r3/2pk1b2/1pn2PpB/3r2P1/4p3/2P3K1/P3B3/1R5R w - - 0 29,e2c4,131
4r3/2pk1b2/1pn2PpB/3r2P1/2B1p3/2P3K1/P7/1R5R b - - 1 29,c6e5,128
4r3/2pk1b2/1p3PpB/3rn1P1/2B1p3/2P3K1/P7/1R5R w - - 2 30,c4d5,120
4r3/2pk1b2/1p3PpB/3Bn1P1/4p3/2P3K1/P7/1R5R b - - 0 30,f7d5,150
4r3/2pk4/1p3PpB/3bn1P1/4p3/2P3K1/P7/1R5R w - - 0 31,b1d1,124
4r3/2pk4/1p3PpB/3bn1P1/4p3/2P3K1/P7/3R3R b - - 1 31,d7e6,127
4r3/2p5/1p2kPpB/3bn1P1/4p3/2P3K1/P7/3R3R w - - 2 32,a2a4,128
4r3/2p5/1p2kPpB/3bn1P1/P3p3/2P3K1/8/3R3R b - - 0 32,e8a8,113
r7/2p5/1p2kPpB/3bn1P1/P3p3/2P3K1/8/3R3R w - - 1 33,d1d4,139
r7/2p5/1p2kPpB/3bn1P1/P2Rp3/2P3K1/8/7R b - - 2 33,c7c5,128
r7/8/1p2kPpB/2pbn1P1/P2Rp3/2P3K1/8/7R w - - 0 34,d4d1,82
r7/8/1p2kPpB/2pbn1P1/P3p3/2P3K1/8/3R3R b - - 1 34,d5c6,113
r7/8/1pb1kPpB/2p1n1P1/P3p3/2P3K1/8/3R3R w - - 2 35,h1f1,163
r7/8/1pb1kPpB/2p1n1P1/P3p3/2P3K1/8/3R1R2 b - - 3 35,e6f7,102
r7/5k2/1pb2PpB/2p1n1P1/P3p3/2P3K1/8/3R1R2 w - - 4 36,a4a5,97
r7/5k2/1pb2PpB/P1p1n1P1/4p3/2P3K1/8/3R1R2 b - - 0 36,b6a5,50
r7/5k2/2b2PpB/p1p1n1P1/4p3/2P3K1/8/3R1R2 w - - 0 37,d1d6,9
r7/5k2/2bR1PpB/p1p1n1P1/4p3/2P3K1/8/5R2 b - - 1 37,a5a4,91
r7/5k2/2bR1PpB/2p1n1P1/p3p3/2P3K1/8/5R2 w - - 0 38,f1g1,102
r7/5k2/2bR1PpB/2p1n1P1/p3p3/2P3K1/8/6R1 b - - 1 38,a4a3,0
r7/5k2/2bR1PpB/2p1n1P1/4p3/p1P3K1/8/6R1 w - - 0 39,g3f4,21
r7/5k2/2bR1PpB/2p1n1P1/4pK2/p1P5/8/6R1 b - - 1 39,e5d3,0
r7/5k2/2bR1PpB/2p3P1/4pK2/p1Pn4/8/6R1 w - - 2 40,f4g3,6
r7/5k2/2bR1PpB/2p3P1/4p3/p1Pn2K1/8/6R1 b - - 3 40,d3e5,1
r7/5k2/2bR1PpB/2p1n1P1/4p3/p1P3K1/8/6R1 w - - 4 41,g3f4,0
r7/5k2/2bR1PpB/2p1n1P1/4pK2/p1P5/8/6R1 b - - 5 41,e5d3,0
r7/5k2/2bR1PpB/2p3P1/4pK2/p1Pn4/8/6R1 w - - 6 42,f4e3,25
r7/5k2/2bR1PpB/2p3P1/4p3/p1PnK3/8/6R1 b - - 7 42,d3e5,0
r7/5k2/2bR1PpB/2p1n1P1/4p3/p1P1K3/8/6R1 w - - 8 43,e3f4,0
r7/5k2/2bR1PpB/2p1n1P1/4pK2/p1P5/8/6R1 b - - 9 43,e5d3,0
r7/5k2/2bR1PpB/2p3P1/4pK2/p1Pn4/8/6R1 w - - 10 44,f4g3,3
r7/5k2/2bR1PpB/2p3P1/4p3/p1Pn2K1/8/6R1 b - - 11 44,d3e5,0
r7/5k2/2bR1PpB/2p1n1P1/4p3/p1P3K1/8/6R1 w - - 12 45,g1a1,3
r7/5k2/2bR1PpB/2p1n1P1/4p3/p1P3K1/8/R7 b - - 13 45,e4e3,-28
r7/5k2/2bR1PpB/2p1n1P1/8/p1P1p1K1/8/R7 w - - 0 46,g3f4,-8
r7/5k2/2bR1PpB/2p1n1P1/5K2/p1P1p3/8/R7 b - - 1 46,e3e2,-161
r7/5k2/2bR1PpB/2p1n1P1/5K2/p1P5/4p3/R7 w - - 0 47,f4e5,106
r7/5k2/2bR1PpB/2p1K1P1/8/p1P5/4p3/R7 b - - 0 47,a8e8,321
4r3/5k2/2bR1PpB/2p1K1P1/8/p1P5/4p3/R7 w - - 1 48,e5f4,100
4r3/5k2/2bR1PpB/2p3P1/5K2/p1P5/4p3/R7 b - - 2 48,e2e1r,106
4r3/5k2/2bR1PpB/2p3P1/5K2/p1P5/8/R3r3 w - - 0 49,a1e1,117
4r3/5k2/2bR1PpB/2p3P1/5K2/p1P5/8/4R3 b - - 0 49,e8e1,373
8/5k2/2bR1PpB/2p3P1/5K2/p1P5/8/4r3 w - - 0 50,d6c6,190
8/5k2/2R2PpB/2p3P1/5K2/p1P5/8/4r3 b - - 0 50,f7e8,463
4k3/8/2R2PpB/2p3P1/5K2/p1P5/8/4r3 w - - 1 51,c6a6,490
4k3/8/R4PpB/2p3P1/5K2/p1P5/8/4r3 b - - 2 51,e1a1,518
4k3/8/R4PpB/2p3P1/5K2/p1P5/8/r7 w - - 3 52,a6a7,577
4k3/R7/5PpB/2p3P1/5K2/p1P5/8/r7 b - - 4 52,e8d8,557
3k4/R7/5PpB/2p3P1/5K2/p1P5/8/r7 w - - 5 53,f4e4,525
3k4/R7/5PpB/2p3P1/4K3/p1P5/8/r7 b - - 6 53,c5c4,581
3k4/R7/5PpB/6P1/2p1K3/p1P5/8/r7 w - - 0 54,f6f7,587
3k4/R4P2/6pB/6P1/2p1K3/p1P5/8/r7 b - - 0 54,a1f1,578
3k4/R4P2/6pB/6P1/2p1K3/p1P5/8/5r2 w - - 1 55,f7f8q,633
3k1Q2/R7/6pB/6P1/2p1K3/p1P5/8/5r2 b - - 0 55,f1f8,640
3k1r2/R7/6pB/6P1/2p1K3/p1P5/8/8 w - - 0 56,h6f8,666
3k1B2/R7/6p1/6P1/2p1K3/p1P5/8/8 b - - 0 56,a3a2,700
3k1B2/R7/6p1/6P1/2p1K3/2P5/p7/8 w - - 0 57,a7a2,708
3k1B2/8/6p1/6P1/2p1K3/2P5/R7/8 b - - 0 57,d8e8,691
4kB2/8/6p1/6P1/2p1K3/2P5/R7/8 w - - 1 58,a2a6,694
4kB2/8/R5p1/6P1/2p1K3/2P5/8/8 b - - 2 58,e8f8,715
5k2/8/R5p1/6P1/2p1K3/2P5/8/8 w - - 0 59,a6g6,725
5k2/8/6R1/6P1/2p1K3/2P5/8/8 b - - 0 59,f8f7,718
8/5k2/6R1/6P1/2p1K3/2P5/8/8 w - - 1 60,g6b6,760
8/5k2/1R6/6P1/2p1K3/2P5/8/8 b - - 2 60,f7g7,748
8/6k1/1R6/6P1/2p1K3/2P5/8/8 w - - 3 61,e4f5,8
8/6k1/1R6/5KP1/2p5/2P5/8/8 b - - 4 61,g7f7,845
8/5k2/1R6/5KP1/2p5/2P5/8/8 w - - 5 62,g5g6,818
8/5k2/1R4P1/5K2/2p5/2P5/8/8 b - - 0 62,f7e7,861
8/4k3/1R4P1/5K2/2p5/2P5/8/8 w - - 1 63,b6e6,824
8/4k3/4R1P1/5K2/2p5/2P5/8/8 b - - 2 63,e7d8,3612
3k4/8/4R1P1/5K2/2p5/2P5/8/8 w - - 3 64,e6e4,3654
3k4/8/6P1/5K2/2p1R3/2P5/8/8 b - - 4 64,d8c7,3671
8/2k5/6P1/5K2/2p1R3/2P5/8/8 w - - 5 65,g6g7,3973
8/2k3P1/8/5K2/2p1R3/2P5/8/8 b - - 0 65,c7d7,3659
8/3k2P1/8/5K2/2p1R3/2P5/8/8 w - - 1 66,e4c4,5
8/3k2P1/8/5K2/2R5/2P5/8/8 b - - 0 66,d7d8,3
3k4/6P1/8/5K2/2R5/2P5/8/8 w - - 1 67,g7g8q,3
3k2Q1/8/8/5K2/2R5/2P5/8/8 b - - 0 67,d8e7,2
6Q1/4k3/8/5K2/2R5/2P5/8/8 w - - 1 68,c4c7,2
6Q1/2R1k3/8/5K2/8/2P5/8/8 b - - 2 68,e7d6,1
6Q1/2R5/3k4/5K2/8/2P5/8/8 w - - 3 69,g8d8,1
1rbqkbnr/ppp1p1p1/n2p2Np/5p2/4P3/P7/1PPP1PPP/RNBQKB1R b KQk - 1 6,h8h7,254
1rbqkbn1/ppp1p1pr/n2p2Np/5p2/4P3/P7/1PPP1PPP/RNBQKB1R w KQ - 2 7,e4e5,256
1rbqkbn1/ppp1p1pr/n2p2Np/4Pp2/8/P7/1PPP1PPP/RNBQKB1R b KQ - 0 7,c8e6,259
1r1qkbn1/ppp1p1pr/n2pb1Np/4Pp2/8/P7/1PPP1PPP/RNBQKB1R w KQ - 1 8,h2h4,238
1r1qkbn1/ppp1p1pr/n2pb1Np/4Pp2/7P/P7/1PPP1PP1/RNBQKB1R b KQ - 0 8,e6f7,183
1r1qkbn1/ppp1pbpr/n2p2Np/4Pp2/7P/P7/1PPP1PP1/RNBQKB1R w KQ - 1 9,h4h5,198
1r1qkbn1/ppp1pbpr/n2p2Np/4Pp1P/8/P7/1PPP1PP1/RNBQKB1R b KQ - 0 9,e7e6,186
1r1qkbn1/ppp2bpr/n2pp1Np/4Pp1P/8/P7/1PPP1PP1/RNBQKB1R w KQ - 0 10,d2d4,199
1r1qkbn1/ppp2bpr/n2pp1Np/4Pp1P/3P4/P7/1PP2PP1/RNBQKB1R b KQ - 0 10,g8e7,209
1r1qkb2/ppp1nbpr/n2pp1Np/4Pp1P/3P4/P7/1PP2PP1/RNBQKB1R w KQ - 1 11,g6f8,179
1r1qkN2/ppp1nbpr/n2pp2p/4Pp1P/3P4/P7/1PP2PP1/RNBQKB1R b KQ - 0 11,e8f8,173
1r1q1k2/ppp1nbpr/n2pp2p/4Pp1P/3P4/P7/1PP2PP1/RNBQKB1R w KQ - 0 12,b2b4,161
1r1q1k2/ppp1nbpr/n2pp2p/4Pp1P/1P1P4/P7/2P2PP1/RNBQKB1R b KQ - 0 12,b8c8,181
2rq1k2/ppp1nbpr/n2pp2p/4Pp1P/1P1P4/P7/2P2PP1/RNBQKB1R w KQ - 1 13,d1f3,181
2rq1k2/ppp1nbpr/n2pp2p/4Pp1P/1P1P4/P4Q2/2P2PP1/RNB1KB1R b KQ - 2 13,d6e5,145
2rq1k2/ppp1nbpr/n3p2p/4pp1P/1P1P4/P4Q2/2P2PP1/RNB1KB1R w KQ - 0 14,f3b7,149
2rq1k2/pQp1nbpr/n3p2p/4pp1P/1P1P4/P7/2P2PP1/RNB1KB1R b KQ - 0 14,a6b8,110
1nrq1k2/pQp1nbpr/4p2p/4pp1P/1P1P4/P7/2P2PP1/RNB1KB1R w KQ - 1 15,d4e5,136
1nrq1k2/pQp1nbpr/4p2p/4Pp1P/1P6/P7/2P2PP1/RNB1KB1R b KQ - 0 15,d8d4,132
1nr2k2/pQp1nbpr/4p2p/4Pp1P/1P1q4/P7/2P2PP1/RNB1KB1R w KQ - 1 16,c2c3,143
1nr2k2/pQp1nbpr/4p2p/4Pp1P/1P1q4/P1P5/5PP1/RNB1KB1R b KQ - 0 16,d4e5,144
1nr2k2/pQp1nbpr/4p2p/4qp1P/1P6/P1P5/5PP1/RNB1KB1R w KQ - 0 17,f1e2,144
1nr2k2/pQp1nbpr/4p2p/4qp1P/1P6/P1P5/4BPP1/RNB1K2R b KQ - 1 17,b8c6,131
2r2k2/pQp1nbpr/2n1p2p/4qp1P/1P6/P1P5/4BPP1/RNB1K2R w KQ - 2 18,b7a6,157
2r2k2/p1p1nbpr/Q1n1p2p/4qp1P/1P6/P1P5/4BPP1/RNB1K2R b KQ - 3 18,g7g5,150
2r2k2/p1p1nb1r/Q1n1p2p/4qppP/1P6/P1P5/4BPP1/RNB1K2R w KQ g6 0 19,h5g6,153
2r2k2/p1p1nb1r/Q1n1p1Pp/4qp2/1P6/P1P5/4BPP1/RNB1K2R b KQ - 0 19,f7g6,178
2r2k2/p1p1n2r/Q1n1p1bp/4qp2/1P6/P1P5/4BPP1/RNB1K2R w KQ - 0 20,b4b5,175
2r2k2/p1p1n2r/Q1n1p1bp/1P2qp2/8/P1P5/4BPP1/RNB1K2R b KQ - 0 20,c6d8,183
2rn1k2/p1p1n2r/Q3p1bp/1P2qp2/8/P1P5/4BPP1/RNB1K2R w KQ - 1 21,f2f4,149
2rn1k2/p1p1n2r/Q3p1bp/1P2qp2/5P2/P1P5/4B1P1/RNB1K2R b KQ - 0 21,e5c5,144
2rn1k2/p1p1n2r/Q3p1bp/1Pq2p2/5P2/P1P5/4B1P1/RNB1K2R w KQ - 1 22,a3a4,193
2rn1k2/p1p1n2r/Q3p1bp/1Pq2p2/P4P2/2P5/4B1P1/RNB1K2R b KQ - 0 22,f8g8,142
2rn2k1/p1p1n2r/Q3p1bp/1Pq2p2/P4P2/2P5/4B1P1/RNB1K2R w KQ - 1 23,h1h3,192
2rn2k1/p1p1n2r/Q3p1bp/1Pq2p2/P4P2/2P4R/4B1P1/RNB1K3 b Q - 2 23,c5g1,155
2rn2k1/p1p1n2r/Q3p1bp/1P3p2/P4P2/2P4R/4B1P1/RNB1K1q1 w Q - 3 24,e2f1,155
2rn2k1/p1p1n2r/Q3p1bp/1P3p2/P4P2/2P4R/6P1/RNB1KBq1 b Q - 4 24,g1b6,168
2rn2k1/p1p1n2r/Qq2p1bp/1P3p2/P4P2/2P4R/6P1/RNB1KB2 w Q - 5 25,a6b6,164
2rn2k1/p1p1n2r/1Q2p1bp/1P3p2/P4P2/2P4R/6P1/RNB1KB2 b Q - 0 25,c7b6,161
2rn2k1/p3n2r/1p2p1bp/1P3p2/P4P2/2P4R/6P1/RNB1KB2 w Q - 0 26,a4a5,151
2rn2k1/p3n2r/1p2p1bp/PP3p2/5P2/2P4R/6P1/RNB1KB2 b Q - 0 26,e7d5,175
2rn2k1/p6r/1p2p1bp/PP1n1p2/5P2/2P4R/6P1/RNB1KB2 w Q - 1 27,c3c4,189
2rn2k1/p6r/1p2p1bp/PP1n1p2/2P2P2/7R/6P1/RNB1KB2 b Q - 0 27,d5b4,171
2rn2k1/p6r/1p2p1bp/PP3p2/1nP2P2/7R/6P1/RNB1KB2 w Q - 1 28,e1f2,162
2rn2k1/p6r/1p2p1bp/PP3p2/1nP2P2/7R/5KP1/RNB2B2 b - - 2 28,d8b7,213
2r3k1/pn5r/1p2p1bp/PP3p2/1nP2P2/7R/5KP1/RNB2B2 w - - 3 29,a5b6,400
2r3k1/pn5r/1P2p1bp/1P3p2/1nP2P2/7R/5KP1/RNB2B2 b - - 0 29,a7b6,200
2r3k1/1n5r/1p2p1bp/1P3p2/1nP2P2/7R/5KP1/RNB2B2 w - - 0 30,a1a4,183
2r3k1/1n5r/1p2p1bp/1P3p2/RnP2P2/7R/5KP1/1NB2B2 b - - 1 30,b4d5,117
2r3k1/1n5r/1p2p1bp/1P1n1p2/R1P2P2/7R/5KP1/1NB2B2 w - - 2 31,c4d5,134
2r3k1/1n5r/1p2p1bp/1P1P1p2/R4P2/7R/5KP1/1NB2B2 b - - 0 31,c8c1,59
6k1/1n5r/1p2p1bp/1P1P1p2/R4P2/7R/5KP1/1Nr2B2 w - - 0 32,a4a8,104
R5k1/1n5r/1p2p1bp/1P1P1p2/5P2/7R/5KP1/1Nr2B2 b - - 1 32,g8g7,86
R7/1n4kr/1p2p1bp/1P1P1p2/5P2/7R/5KP1/1Nr2B2 w - - 2 33,b1c3,89
R7/1n4kr/1p2p1bp/1P1P1p2/5P2/2N4R/5KP1/2r2B2 b - - 3 33,b7c5,98
R7/6kr/1p2p1bp/1PnP1p2/5P2/2N4R/5KP1/2r2B2 w - - 4 34,d5e6,101
R7/6kr/1p2P1bp/1Pn2p2/5P2/2N4R/5KP1/2r2B2 b - - 0 34,c1c3,53
R7/6kr/1p2P1bp/1Pn2p2/5P2/2r4R/5KP1/5B2 w - - 0 35,h3c3,97
R7/6kr/1p2P1bp/1Pn2p2/5P2/2R5/5KP1/5B2 b - - 0 35,c5e4,102
R7/6kr/1p2P1bp/1P3p2/4nP2/2R5/5KP1/5B2 w - - 1 36,f2e3,88
R7/6kr/1p2P1bp/1P3p2/4nP2/2R1K3/6P1/5B2 b - - 2 36,e4c3,103
R7/6kr/1p2P1bp/1P3p2/5P2/2n1K3/6P1/5B2 w - - 0 37,e3d4,111
R7/6kr/1p2P1bp/1P3p2/3K1P2/2n5/6P1/5B2 b - - 1 37,c3e4,110
R7/6kr/1p2P1bp/1P3p2/3KnP2/8/6P1/5B2 w - - 2 38,d4e5,102
R7/6kr/1p2P1bp/1P2Kp2/4nP2/8/6P1/5B2 b - - 3 38,e4f6,126
R7/6kr/1p2Pnbp/1P2Kp2/5P2/8/6P1/5B2 w - - 4 39,f1e2,128
R7/6kr/1p2Pnbp/1P2Kp2/5P2/8/4B1P1/8 b - - 5 39,f6e8,115
R3n3/6kr/1p2P1bp/1P2Kp2/5P2/8/4B1P1/8 w - - 6 40,a8a6,92
4n3/6kr/Rp2P1bp/1P2Kp2/5P2/8/4B1P1/8 b - - 7 40,g7f8,61
4nk2/7r/Rp2P1bp/1P2Kp2/5P2/8/4B1P1/8 w - - 8 41,a6b6,89
4nk2/7r/1R2P1bp/1P2Kp2/5P2/8/4B1P1/8 b - - 0 41,h7c7,46
4nk2/2r5/1R2P1bp/1P2Kp2/5P2/8/4B1P1/8 w - - 1 42,e2f3,29
4nk2/2r5/1R2P1bp/1P2Kp2/5P2/5B2/6P1/8 b - - 2 42,f8e7,81
4n3/2r1k3/1R2P1bp/1P2Kp2/5P2/5B2/6P1/8 w - - 3 43,f3d5,48
4n3/2r1k3/1R2P1bp/1P1BKp2/5P2/8/6P1/8 b - - 4 43,e8f6,29
8/2r1k3/1R2Pnbp/1P1BKp2/5P2/8/6P1/8 w - - 5 44,d5c6,31
8/2r1k3/1RB1Pnbp/1P2Kp2/5P2/8/6P1/8 b - - 6 44,f6g4,20
8/2r1k3/1RB1P1bp/1P2Kp2/5Pn1/8/6P1/8 w - - 7 45,e5d4,30
8/2r1k3/1RB1P1bp/1P3p2/3K1Pn1/8/6P1/8 b - - 8 45,g4f6,18
8/2r1k3/1RB1Pnbp/1P3p2/3K1P2/8/6P1/8 w - - 9 46,d4e5,0
8/2r1k3/1RB1Pnbp/1P2Kp2/5P2/8/6P1/8 b - - 10 46,f6g4,14
8/2r1k3/1RB1P1bp/1P2Kp2/5Pn1/8/6P1/8 w - - 11 47,e5d4,0
8/2r1k3/1RB1P1bp/1P3p2/3K1Pn1/8/6P1/8 b - - 12 47,g4f6,0
8/2r1k3/1RB1Pnbp/1P3p2/3K1P2/8/6P1/8 w - - 13 48,b6a6,2
8/2r1k3/R1B1Pnbp/1P3p2/3K1P2/8/6P1/8 b - - 14 48,g6h5,-7
8/2r1k3/R1B1Pn1p/1P3p1b/3K1P2/8/6P1/8 w - - 15 49,d4e5,28
8/2r1k3/R1B1Pn1p/1P2Kp1b/5P2/8/6P1/8 b - - 16 49,h5e2,24
8/2r1k3/R1B1Pn1p/1P2Kp2/5P2/8/4b1P1/8 w - - 17 50,b5b6,4
8/2r1k3/RPB1Pn1p/4Kp2/5P2/8/4b1P1/8 b - - 0 50,f6g4,-14
8/2r1k3/RPB1P2p/4Kp2/5Pn1/8/4b1P1/8 w - - 1 51,e5d5,-81
8/2r1k3/RPB1P2p/3K1p2/5Pn1/8/4b1P1/8 b - - 2 51,e2a6,-175
8/2r1k3/bPB1P2p/3K1p2/5Pn1/8/6P1/8 w - - 0 52,b6c7,-132
8/2P1k3/b1B1P2p/3K1p2/5Pn1/8/6P1/8 b - - 0 52,a6c8,-139
2b5/2P1k3/2B1P2p/3K1p2/5Pn1/8/6P1/8 w - - 1 53,c6a8,-149
B1b5/2P1k3/4P2p/3K1p2/5Pn1/8/6P1/8 b - - 2 53,g4f6,-167
B1b5/2P1k3/4Pn1p/3K1p2/5P2/8/6P1/8 w - - 3 54,d5e5,-131
B1b5/2P1k3/4Pn1p/4Kp2/5P2/8/6P1/8 b - - 4 54,c8e6,-139
B7/2P1k3/4bn1p/4Kp2/5P2/8/6P1/8 w - - 0 55,a8b7,-129
8/1BP1k3/4bn1p/4Kp2/5P2/8/6P1/8 b - - 1 55,f6d7,-148
8/1BPnk3/4b2p/4Kp2/5P2/8/6P1/8 w - - 2 56,e5d4,-166
8/1BPnk3/4b2p/5p2/3K1P2/8/6P1/8 b - - 3 56,d7b6,-143
8/1BP1k3/1n2b2p/5p2/3K1P2/8/6P1/8 w - - 4 57,d4c5,-143
8/1BP1k3/1n2b2p/2K2p2/5P2/8/6P1/8 b - - 5 57,b6c8,-142
2n5/1BP1k3/4b2p/2K2p2/5P2/8/6P1/8 w - - 6 58,b7c6,-174
2n5/2P1k3/2B1b2p/2K2p2/5P2/8/6P1/8 b - - 7 58,e6b3,-145
2n5/2P1k3/2B4p/2K2p2/5P2/1b6/6P1/8 w - - 8 59,c6b5,-169
2n5/2P1k3/7p/1BK2p2/5P2/1b6/6P1/8 b - - 9 59,b3e6,-154
2n5/2P1k3/4b2p/1BK2p2/5P2/8/6P1/8 w - - 10 60,b5c6,-129
2n5/2P1k3/2B1b2p/2K2p2/5P2/8/6P1/8 b - - 11 60,h6h5,-157
2n5/2P1k3/2B1b3/2K2p1p/5P2/8/6P1/8 w - - 0 61,g2g3,-127
2n5/2P1k3/2B1b3/2K2p1p/5P2/6P1/8/8 b - - 0 61,c8d6,-125
8/2P1k3/2Bnb3/2K2p1p/5P2/6P1/8/8 w - - 1 62,c6f3,-175
8/2P1k3/3nb3/2K2p1p/5P2/5BP1/8/8 b - - 2 62,d6e4,-267
8/2P1k3/4b3/2K2p1p/4nP2/5BP1/8/8 w - - 3 63,c5d4,-78
8/2P1k3/4b3/5p1p/3KnP2/5BP1/8/8 b - - 4 63,e4g3,-98
8/2P1k3/4b3/5p1p/3K1P2/5Bn1/8/8 w - - 0 64,f3b7,-45
8/1BP1k3/4b3/5p1p/3K1P2/6n1/8/8 b - - 1 64,h5h4,-108
8/1BP1k3/4b3/5p2/3K1P1p/6n1/8/8 w - - 0 65,d4e3,-75
8/1BP1k3/4b3/5p2/5P1p/4K1n1/8/8 b - - 1 65,e7d6,-51
8/1BP5/3kb3/5p2/5P1p/4K1n1/8/8 w - - 2 66,c7c8q,-42
2Q5/1B6/3kb3/5p2/5P1p/4K1n1/8/8 b - - 0 66,e6c8,-71
2b5/1B6/3k4/5p2/5P1p/4K1n1/8/8 w - - 0 67,b7c8,-8
2B5/8/3k4/5p2/5P1p/4K1n1/8/8 b - - 0 67,g3h5,-9
2B5/8/3k4/5p1n/5P1p/4K3/8/8 w - - 1 68,c8f5,-2
8/8/3k4/5B1n/5P1p/4K3/8/8 b - - 0 68,h4h3,-1
8/8/3k4/5B1n/5P2/4K2p/8/8 w - - 0 69,f5h3,-1
8/8/3k4/7n/5P2/4K2B/8/8 b - - 0 69,h5g7,0
8/6n1/3k4/8/5P2/4K2B/8/8 w - - 1 70,h3e6,0
8/6n1/3kB3/8/5P2/4K3/8/8 b - - 2 70,d6e7,0
8/4k1n1/4B3/8/5P2/4K3/8/8 w - - 3 71,f4f5,0
8/4k1n1/4B3/5P2/8/4K3/8/8 b - - 0 71,g7h5,0
8/4k3/4B3/5P1n/8/4K3/8/8 w - - 1 72,f5f6,2
8/4k3/4BP2/7n/8/4K3/8/8 b - - 0 72,e7f6,0
8/8/4Bk2/7n/8/4K3/8/8 w - - 0 73,e3d4,0
8/8/4Bk2/7n/3K4/8/8/8 b - - 1 73,f6e7,0
8/4k3/4B3/7n/3K4/8/8/8 w - - 2 74,d4e4,0
8/4k3/4B3/7n/4K3/8/8/8 b - - 3 74,e7d8,0
3k4/8/4B3/7n/4K3/8/8/8 w - - 4 75,e4d5,0
3k4/8/4B3/3K3n/8/8/8/8 b - - 5 75,h5f6,0
3k4/8/4Bn2/3K4/8/8/8/8 w - - 6 76,d5d4,0
3k4/8/4Bn2/8/3K4/8/8/8 b - - 7 76,f6g8,0
3k2n1/8/4B3/8/3K4/8/8/8 w - - 8 77,d4e5,0
3k2n1/8/4B3/4K3/8/8/8/8 b - - 9 77,g8h6,0
3k4/8/4B2n/4K3/8/8/8/8 w - - 10 78,e6d7,0
3k4/3B4/7n/4K3/8/8/8/8 b - - 11 78,h6g4,0
3k4/3B4/8/4K3/6n1/8/8/8 w - - 12 79,e5e6,0
3k4/3B4/4K3/8/6n1/8/8/8 b - - 13 79,d8c7,0
8/2kB4/4K3/8/6n1/8/8/8 w - - 14 80,d7b5,0
8/2k5/4K3/1B6/6n1/8/8/8 b - - 15 80,g4e5,0
8/2k5/4K3/1B2n3/8/8/8/8 w - - 16 81,b5c4,0
8/2k5/4K3/4n3/2B5/8/8/8 b - - 17 81,e5d3,0
8/2k5/4K3/8/2B5/3n4/8/8 w - - 18 82,c4a2,0
8/2k5/4K3/8/8/3n4/B7/8 b - - 19 82,c7c6,0
8/8/2k1K3/8/8/3n4/B7/8 w - - 20 83,a2d5,0
8/8/2k1K3/3B4/8/3n4/8/8 b - - 21 83,c6c7,0
8/2k5/4K3/3B4/8/3n4/8/8 w - - 22 84,e6f6,0
8/2k5/5K2/3B4/8/3n4/8/8 b - - 23 84,d3e5,0
8/2k5/5K2/3Bn3/8/8/8/8 w - - 24 85,d5c6,0
8/2k5/2B2K2/4n3/8/8/8/8 b - - 25 85,e5d7,0
8/2kn4/2B2K2/8/8/8/8/8 w - - 26 86,f6g5,0
8/2kn4/2B5/6K1/8/8/8/8 b - - 27 86,d7b8,0
1n6/2k5/2B5/6K1/8/8/8/8 w - - 28 87,c6d7,0
1n6/2kB4/8/6K1/8/8/8/8 b - - 29 87,c7b6,0
1n6/3B4/1k6/6K1/8/8/8/8 w - - 30 88,g5h5,0
1n6/3B4/1k6/7K/8/8/8/8 b - - 31 88,b6c5,0
1n6/3B4/8/2k4K/8/8/8/8 w - - 32 89,d7b5,0
1n6/8/8/1Bk4K/8/8/8/8 b - - 33 89,b8d7,0
8/3n4/8/1Bk4K/8/8/8/8 w - - 34 90,h5h4,0
8/3n4/8/1Bk5/7K/8/8/8 b - - 35 90,c5d4,0
8/3n4/8/1B6/3k3K/8/8/8 w - - 36 91,b5c4,0
8/3n4/8/8/2Bk3K/8/8/8 b - - 37 91,d7f6,0
8/8/5n2/8/2Bk3K/8/8/8 w - - 38 92,c4d3,0
8/8/5n2/8/3k3K/3B4/8/8 b - - 39 92,f6h5,0
8/8/8/7n/3k3K/3B4/8/8 w - - 40 93,h4h3,0
8/8/8/7n/3k4/3B3K/8/8 b - - 41 93,h5g3,0
8/8/8/8/3k4/3B2nK/8/8 w - - 42 94,d3e4,0
8/8/8/8/3kB3/6nK/8/8 b - - 43 94,d4e3,0
8/8/8/8/4B3/4k1nK/8/8 w - - 44 95,e4d3,0
8/8/8/8/8/3Bk1nK/8/8 b - - 45 95,e3f3,0
8/8/8/8/8/3B1knK/8/8 w - - 46 96,d3e4,0
8/8/8/8/4B3/5knK/8/8 b - - 47 96,f3e3,0
8/8/8/8/4B3/4k1nK/8/8 w - - 48 97,h3g4,0
8/8/8/8/4B1K1/4k1n1/8/8 b - - 49 97,e3d2,0
8/8/8/8/4B1K1/6n1/3k4/8 w - - 50 98,e4d3,0
8/8/8/8/6K1/3B2n1/3k4/8 b - - 51 98,g3e4,0
8/8/8/8/4n1K1/3B4/3k4/8 w - - 52 99,g4f5,0
8/8/8/5K2/4n3/3B4/3k4/8 b - - 53 99,d2c3,0
8/8/8/5K2/4n3/2kB4/8/8 w - - 54 100,f5e5,0
8/8/8/4K3/4n3/2kB4/8/8 b - - 55 100,c3b4,0
8/8/8/4K3/1k2n3/3B4/8/8 w - - 56 101,e5d4,0
8/8/8/8/1k1Kn3/3B4/8/8 b - - 57 101,e4c3,0
8/8/8/8/1k1K4/2nB4/8/8 w - - 58 102,d4e5,0
8/8/8/4K3/1k6/2nB4/8/8 b - - 59 102,b4c5,0
8/8/8/2k1K3/8/2nB4/8/8 w - - 60 103,d3b5,0
8/8/8/1Bk1K3/8/2n5/8/8 b - - 61 103,c3e4,0
8/8/8/1Bk1K3/4n3/8/8/8 w - - 62 104,b5c4,0
8/8/8/2k1K3/2B1n3/8/8/8 b - - 63 104,e4d6,0
8/8/3n4/2k1K3/2B5/8/8/8 w - - 64 105,c4d5,0
8/8/3n4/2kBK3/8/8/8/8 b - - 65 105,d6c4,0
8/8/8/2kBK3/2n5/8/8/8 w - - 66 106,e5e4,0
8/8/8/2kB4/2n1K3/8/8/8 b - - 67 106,c5b5,0
8/8/8/1k1B4/2n1K3/8/8/8 w - - 68 107,e4f3,0
8/8/8/1k1B4/2n5/5K2/8/8 b - - 69 107,b5a5,0
8/8/8/k2B4/2n5/5K2/8/8 w - - 70 108,d5c6,0
8/8/2B5/k7/2n5/5K2/8/8 b - - 71 108,a5b4,0
8/8/2B5/8/1kn5/5K2/8/8 w - - 72 109,c6d5,0
8/8/8/3B4/1kn5/5K2/8/8 b - - 73 109,b4b5,0
8/8/8/1k1B4/2n5/5K2/8/8 w - - 74 110,f3f2,0
8/8/8/1k1B4/2n5/8/5K2/8 b - - 75 110,b5b4,0
8/8/8/3B4/1kn5/8/5K2/8 w - - 76 111,f2g3,0
8/8/8/3B4/1kn5/6K1/8/8 b - - 77 111,b4c3,0
8/8/8/3B4/2n5/2k3K1/8/8 w - - 78 112,d5e4,0
8/8/8/8/2n1B3/2k3K1/8/8 b - - 79 112,c3d2,0
8/8/8/8/2n1B3/6K1/3k4/8 w - - 80 113,e4d3,0
8/8/8/8/2n5/3B2K1/3k4/8 b - - 81 113,d2e3,0
8/8/8/8/2n5/3Bk1K1/8/8 w - - 82 114,d3e4,0
8/8/8/8/2n1B3/4k1K1/8/8 b - - 83 114,c4e5,0
8/8/8/4n3/4B3/4k1K1/8/8 w - - 84 115,e4a8,0
B7/8/8/4n3/8/4k1K1/8/8 b - - 85 115,e5c6,0
B7/8/2n5/8/8/4k1K1/8/8 w - - 86 116,a8b7,0
8/1B6/2n5/8/8/4k1K1/8/8 b - - 87 116,c6e5,0
8/1B6/8/4n3/8/4k1K1/8/8 w - - 88 117,b7e4,0
8/8/8/4n3/4B3/4k1K1/8/8 b - - 89 117,e5g6,0
8/8/6n1/8/4B3/4k1K1/8/8 w - - 90 118,e4b7,0
8/1B6/6n1/8/8/4k1K1/8/8 b - - 91 118,g6e5,0
8/1B6/8/4n3/8/4k1K1/8/8 w - - 92 119,b7f3,0
8/8/8/4n3/8/4kBK1/8/8 b - - 93 119,e3d3,0
8/8/8/4n3/8/3k1BK1/8/8 w - - 94 120,g3f4,0
8/8/8/4n3/5K2/3k1B2/8/8 b - - 95 120,e5g4,0
8/8/8/8/5Kn1/3k1B2/8/8 w - - 96 121,f4f5,0
8/8/8/5K2/6n1/3k1B2/8/8 b - - 97 121,g4f6,0
8/8/5n2/5K2/8/3k1B2/8/8 w - - 98 122,f5g5,0
1nbqkbnr/1p1ppp2/r5pp/p1p5/P4P2/R2P4/1PP1PBPP/1N1QKBNR w Kk - 2 8,e2e4,103
1nbqkbnr/1p1ppp2/r5pp/p1p5/P3PP2/R2P4/1PP2BPP/1N1QKBNR b Kk - 0 8,a6f6,124
1nbqkbnr/1p1ppp2/5rpp/p1p5/P3PP2/R2P4/1PP2BPP/1N1QKBNR w Kk - 1 9,f2c5,156
1nbqkbnr/1p1ppp2/5rpp/p1B5/P3PP2/R2P4/1PP3PP/1N1QKBNR b Kk - 0 9,f6f4,119
1nbqkbnr/1p1ppp2/6pp/p1B5/P3Pr2/R2P4/1PP3PP/1N1QKBNR w Kk - 0 10,a3b3,142
1nbqkbnr/1p1ppp2/6pp/p1B5/P3Pr2/1R1P4/1PP3PP/1N1QKBNR b Kk - 1 10,d7d5,116
1nbqkbnr/1p2pp2/6pp/p1Bp4/P3Pr2/1R1P4/1PP3PP/1N1QKBNR w Kk - 0 11,c5b6,165
1nbqkbnr/1p2pp2/1B4pp/p2p4/P3Pr2/1R1P4/1PP3PP/1N1QKBNR b Kk - 1 11,d8d6,197
1nb1kbnr/1p2pp2/1B1q2pp/p2p4/P3Pr2/1R1P4/1PP3PP/1N1QKBNR w Kk - 2 12,g1e2,179
1nb1kbnr/1p2pp2/1B1q2pp/p2p4/P3Pr2/1R1P4/1PP1N1PP/1N1QKB1R b Kk - 3 12,f4h4,196
1nb1kbnr/1p2pp2/1B1q2pp/p2p4/P3P2r/1R1P4/1PP1N1PP/1N1QKB1R w Kk - 4 13,g2g3,169
1nb1kbnr/1p2pp2/1B1q2pp/p2p4/P3P2r/1R1P2P1/1PP1N2P/1N1QKB1R b Kk - 0 13,h4h5,171
1nb1kbnr/1p2pp2/1B1q2pp/p2p3r/P3P3/1R1P2P1/1PP1N2P/1N1QKB1R w Kk - 1 14,e2f4,161
1nb1kbnr/1p2pp2/1B1q2pp/p2p3r/P3PN2/1R1P2P1/1PP4P/1N1QKB1R b Kk - 2 14,h5e5,179
1nb1kbnr/1p2pp2/1B1q2pp/p2pr3/P3PN2/1R1P2P1/1PP4P/1N1QKB1R w Kk - 3 15,f1g2,199
1nb1kbnr/1p2pp2/1B1q2pp/p2pr3/P3PN2/1R1P2P1/1PP3BP/1N1QK2R b Kk - 4 15,g8f6,196
1nb1kb1r/1p2pp2/1B1q1npp/p2pr3/P3PN2/1R1P2P1/1PP3BP/1N1QK2R w Kk - 5 16,e1g1,171
1nb1kb1r/1p2pp2/1B1q1npp/p2pr3/P3PN2/1R1P2P1/1PP3BP/1N1Q1RK1 b k - 6 16,f8g7,194
1nb1k2r/1p2ppb1/1B1q1npp/p2pr3/P3PN2/1R1P2P1/1PP3BP/1N1Q1RK1 w k - 7 17,e4d5,232
1nb1k2r/1p2ppb1/1B1q1npp/p2Pr3/P4N2/1R1P2P1/1PP3BP/1N1Q1RK1 b k - 0 17,g6g5,189
1nb1k2r/1p2ppb1/1B1q1n1p/p2Pr1p1/P4N2/1R1P2P1/1PP3BP/1N1Q1RK1 w k - 0 18,d3d4,182
1nb1k2r/1p2ppb1/1B1q1n1p/p2Pr1p1/P2P1N2/1R4P1/1PP3BP/1N1Q1RK1 b k - 0 18,e5f5,191
1nb1k2r/1p2ppb1/1B1q1n1p/p2P1rp1/P2P1N2/1R4P1/1PP3BP/1N1Q1RK1 w k - 1 19,b6c5,149
1nb1k2r/1p2ppb1/3q1n1p/p1BP1rp1/P2P1N2/1R4P1/1PP3BP/1N1Q1RK1 b k - 2 19,d6c7,193
1nb1k2r/1pq1ppb1/5n1p/p1BP1rp1/P2P1N2/1R4P1/1PP3BP/1N1Q1RK1 w k - 3 20,d5d6,179
1nb1k2r/1pq1ppb1/3P1n1p/p1B2rp1/P2P1N2/1R4P1/1PP3BP/1N1Q1RK1 b k - 0 20,e7d6,238
1nb1k2r/1pq2pb1/3p1n1p/p1B2rp1/P2P1N2/1R4P1/1PP3BP/1N1Q1RK1 w k - 0 21,c5b6,322
1nb1k2r/1pq2pb1/1B1p1n1p/p4rp1/P2P1N2/1R4P1/1PP3BP/1N1Q1RK1 b k - 1 21,c7d7,249
1nb1k2r/1p1q1pb1/1B1p1n1p/p4rp1/P2P1N2/1R4P1/1PP3BP/1N1Q1RK1 w k - 2 22,g2h3,220
1nb1k2r/1p1q1pb1/1B1p1n1p/p4rp1/P2P1N2/1R4PB/1PP4P/1N1Q1RK1 b k - 3 22,e8g8,260
1nb2rk1/1p1q1pb1/1B1p1n1p/p4rp1/P2P1N2/1R4PB/1PP4P/1N1Q1RK1 w - - 4 23,h3f5,230
1nb2rk1/1p1q1pb1/1B1p1n1p/p4Bp1/P2P1N2/1R4P1/1PP4P/1N1Q1RK1 b - - 0 23,d7f5,289
1nb2rk1/1p3pb1/1B1p1n1p/p4qp1/P2P1N2/1R4P1/1PP4P/1N1Q1RK1 w - - 0 24,f4h5,221
1nb2rk1/1p3pb1/1B1p1n1p/p4qpN/P2P4/1R4P1/1PP4P/1N1Q1RK1 b - - 1 24,f5g6,246
1nb2rk1/1p3pb1/1B1p1nqp/p5pN/P2P4/1R4P1/1PP4P/1N1Q1RK1 w - - 2 25,h5g7,241
1nb2rk1/1p3pN1/1B1p1nqp/p5p1/P2P4/1R4P1/1PP4P/1N1Q1RK1 b - - 0 25,g8g7,241
1nb2r2/1p3pk1/1B1p1nqp/p5p1/P2P4/1R4P1/1PP4P/1N1Q1RK1 w - - 0 26,d4d5,221
1nb2r2/1p3pk1/1B1p1nqp/p2P2p1/P7/1R4P1/1PP4P/1N1Q1RK1 b - - 0 26,c8g4,234
1n3r2/1p3pk1/1B1p1nqp/p2P2p1/P5b1/1R4P1/1PP4P/1N1Q1RK1 w - - 1 27,d1d3,208
1n3r2/1p3pk1/1B1p1nqp/p2P2p1/P5b1/1R1Q2P1/1PP4P/1N3RK1 b - - 2 27,b8d7,218
5r2/1p1n1pk1/1B1p1nqp/p2P2p1/P5b1/1R1Q2P1/1PP4P/1N3RK1 w - - 3 28,d3g6,247
5r2/1p1n1pk1/1B1p1nQp/p2P2p1/P5b1/1R4P1/1PP4P/1N3RK1 b - - 0 28,g7g6,225
5r2/1p1n1p2/1B1p1nkp/p2P2p1/P5b1/1R4P1/1PP4P/1N3RK1 w - - 0 29,b6a5,231
5r2/1p1n1p2/3p1nkp/B2P2p1/P5b1/1R4P1/1PP4P/1N3RK1 b - - 0 29,g4h3,195
5r2/1p1n1p2/3p1nkp/B2P2p1/P7/1R4Pb/1PP4P/1N3RK1 w - - 1 30,f1e1,253
5r2/1p1n1p2/3p1nkp/B2P2p1/P7/1R4Pb/1PP4P/1N2R1K1 b - - 2 30,f8a8,249
r7/1p1n1p2/3p1nkp/B2P2p1/P7/1R4Pb/1PP4P/1N2R1K1 w - - 3 31,a5b4,259
r7/1p1n1p2/3p1nkp/3P2p1/PB6/1R4Pb/1PP4P/1N2R1K1 b - - 4 31,a8a4,252
8/1p1n1p2/3p1nkp/3P2p1/rB6/1R4Pb/1PP4P/1N2R1K1 w - - 0 32,b4d6,272
8/1p1n1p2/3B1nkp/3P2p1/r7/1R4Pb/1PP4P/1N2R1K1 b - - 0 32,a4a6,264
8/1p1n1p2/r2B1nkp/3P2p1/8/1R4Pb/1PP4P/1N2R1K1 w - - 1 33,d6a3,259
8/1p1n1p2/r4nkp/3P2p1/8/BR4Pb/1PP4P/1N2R1K1 b - - 2 33,f6d5,255
8/1p1n1p2/r5kp/3n2p1/8/BR4Pb/1PP4P/1N2R1K1 w - - 0 34,b3b7,262
8/1R1n1p2/r5kp/3n2p1/8/B5Pb/1PP4P/1N2R1K1 b - - 0 34,f7f6,287
8/1R1n4/r4pkp/3n2p1/8/B5Pb/1PP4P/1N2R1K1 w - - 0 35,e1d1,304
8/1R1n4/r4pkp/3n2p1/8/B5Pb/1PP4P/1N1R2K1 b - - 1 35,d7b6,283
8/1R6/rn3pkp/3n2p1/8/B5Pb/1PP4P/1N1R2K1 w - - 2 36,b2b3,294
8/1R6/rn3pkp/3n2p1/8/BP4Pb/2P4P/1N1R2K1 b - - 0 36,h3c8,292
2b5/1R6/rn3pkp/3n2p1/8/BP4P1/2P4P/1N1R2K1 w - - 1 37,b7b8,326
1Rb5/8/rn3pkp/3n2p1/8/BP4P1/2P4P/1N1R2K1 b - - 2 37,c8f5,317
1R6/8/rn3pkp/3n1bp1/8/BP4P1/2P4P/1N1R2K1 w - - 3 38,d1d2,295
1R6/8/rn3pkp/3n1bp1/8/BP4P1/2PR3P/1N4K1 b - - 4 38,h6h5,327
1R6/8/rn3pk1/3n1bpp/8/BP4P1/2PR3P/1N4K1 w - - 0 39,b8e8,335
4R3/8/rn3pk1/3n1bpp/8/BP4P1/2PR3P/1N4K1 b - - 1 39,h5h4,335
4R3/8/rn3pk1/3n1bp1/7p/BP4P1/2PR3P/1N4K1 w - - 0 40,g3h4,329
4R3/8/rn3pk1/3n1bp1/7P/BP6/2PR3P/1N4K1 b - - 0 40,d5f4,350
4R3/8/rn3pk1/5bp1/5n1P/BP6/2PR3P/1N4K1 w - - 1 41,h4g5,339
4R3/8/rn3pk1/5bP1/5n2/BP6/2PR3P/1N4K1 b - - 0 41,b6d5,293
4R3/8/r4pk1/3n1bP1/5n2/BP6/2PR3P/1N4K1 w - - 1 42,e8e1,286
8/8/r4pk1/3n1bP1/5n2/BP6/2PR3P/1N2R1K1 b - - 2 42,a6c6,288
8/8/2r2pk1/3n1bP1/5n2/BP6/2PR3P/1N2R1K1 w - - 3 43,h2h4,291
8/8/2r2pk1/3n1bP1/5n1P/BP6/2PR4/1N2R1K1 b - - 0 43,f6g5,297
8/8/2r3k1/3n1bp1/5n1P/BP6/2PR4/1N2R1K1 w - - 0 44,c2c4,307
8/8/2r3k1/3n1bp1/2P2n1P/BP6/3R4/1N2R1K1 b - - 0 44,d5f6,300
8/8/2r2nk1/5bp1/2P2n1P/BP6/3R4/1N2R1K1 w - - 1 45,d2d6,337
8/8/2rR1nk1/5bp1/2P2n1P/BP6/8/1N2R1K1 b - - 2 45,c6d6,309
8/8/3r1nk1/5bp1/2P2n1P/BP6/8/1N2R1K1 w - - 0 46,a3d6,317
8/8/3B1nk1/5bp1/2P2n1P/1P6/8/1N2R1K1 b - - 0 46,f4h3,339
8/8/3B1nk1/5bp1/2P4P/1P5n/8/1N2R1K1 w - - 1 47,g1g2,319
8/8/3B1nk1/5bp1/2P4P/1P5n/6K1/1N2R3 b - - 2 47,g5h4,307
8/8/3B1nk1/5b2/2P4p/1P5n/6K1/1N2R3 w - - 0 48,b1d2,386
8/8/3B1nk1/5b2/2P4p/1P5n/3N2K1/4R3 b - - 1 48,h3g5,366
8/8/3B1nk1/5bn1/2P4p/1P6/3N2K1/4R3 w - - 2 49,d6e7,376
8/4B3/5nk1/5bn1/2P4p/1P6/3N2K1/4R3 b - - 3 49,g5h7,375
8/4B2n/5nk1/5b2/2P4p/1P6/3N2K1/4R3 w - - 4 50,b3b4,418
8/4B2n/5nk1/5b2/1PP4p/8/3N2K1/4R3 b - - 0 50,h4h3,382
8/4B2n/5nk1/5b2/1PP5/7p/3N2K1/4R3 w - - 0 51,g2g3,416
8/4B2n/5nk1/5b2/1PP5/6Kp/3N4/4R3 b - - 1 51,f6h5,439
8/4B2n/6k1/5b1n/1PP5/6Kp/3N4/4R3 w - - 2 52,g3h2,410
8/4B2n/6k1/5b1n/1PP5/7p/3N3K/4R3 b - - 3 52,h7f6,447
8/4B3/5nk1/5b1n/1PP5/7p/3N3K/4R3 w - - 4 53,e7d6,419
8/8/3B1nk1/5b1n/1PP5/7p/3N3K/4R3 b - - 5 53,g6g5,457
8/8/3B1n2/5bkn/1PP5/7p/3N3K/4R3 w - - 6 54,e1f1,480
8/8/3B1n2/5bkn/1PP5/7p/3N3K/5R2 b - - 7 54,g5g6,440
8/8/3B1nk1/5b1n/1PP5/7p/3N3K/5R2 w - - 8 55,f1g1,445
8/8/3B1nk1/5b1n/1PP5/7p/3N3K/6R1 b - - 9 55,g6f7,430
8/5k2/3B1n2/5b1n/1PP5/7p/3N3K/6R1 w - - 10 56,g1a1,460
8/5k2/3B1n2/5b1n/1PP5/7p/3N3K/R7 b - - 11 56,f7e6,416
8/8/3Bkn2/5b1n/1PP5/7p/3N3K/R7 w - - 12 57,c4c5,426
8/8/3Bkn2/2P2b1n/1P6/7p/3N3K/R7 b - - 0 57,e6d5,424
8/8/3B1n2/2Pk1b1n/1P6/7p/3N3K/R7 w - - 1 58,b4b5,433
8/8/3B1n2/1PPk1b1n/8/7p/3N3K/R7 b - - 0 58,h5f4,435
8/8/3B1n2/1PPk1b2/5n2/7p/3N3K/R7 w - - 1 59,a1f1,464
8/8/3B1n2/1PPk1b2/5n2/7p/3N3K/5R2 b - - 2 59,f6g4,423
8/8/3B4/1PPk1b2/5nn1/7p/3N3K/5R2 w - - 3 60,h2h1,461
8/8/3B4/1PPk1b2/5nn1/7p/3N4/5R1K b - - 4 60,f5d3,406
8/8/3B4/1PPk4/5nn1/3b3p/3N4/5R1K w - - 5 61,f1f4,417
8/8/3B4/1PPk4/5Rn1/3b3p/3N4/7K b - - 0 61,d3b5,403
8/8/3B4/1bPk4/5Rn1/7p/3N4/7K w - - 0 62,d2b3,441
8/8/3B4/1bPk4/5Rn1/1N5p/8/7K b - - 1 62,b5d7,420
8/3b4/3B4/2Pk4/5Rn1/1N5p/8/7K w - - 2 63,f4d4,439
8/3b4/3B4/2Pk4/3R2n1/1N5p/8/7K b - - 3 63,d5e6,420
8/3b4/3Bk3/2P5/3R2n1/1N5p/8/7K w - - 4 64,d6h2,461
8/3b4/4k3/2P5/3R2n1/1N5p/7B/7K b - - 5 64,d7c6,428
8/8/2b1k3/2P5/3R2n1/1N5p/7B/7K w - - 6 65,h1g1,431
8/8/2b1k3/2P5/3R2n1/1N5p/7B/6K1 b - - 7 65,g4e5,430
8/8/2b1k3/2P1n3/3R4/1N5p/7B/6K1 w - - 8 66,d4d6,419
8/8/2bRk3/2P1n3/8/1N5p/7B/6K1 b - - 9 66,e6e7,442
8/4k3/2bR4/2P1n3/8/1N5p/7B/6K1 w - - 10 67,b3d4,464
8/4k3/2bR4/2P1n3/3N4/7p/7B/6K1 b - - 11 67,e5f3,437
8/4k3/2bR4/2P5/3N4/5n1p/7B/6K1 w - - 12 68,d4f3,515
8/4k3/2bR4/2P5/8/5N1p/7B/6K1 b - - 0 68,c6f3,562
8/4k3/3R4/2P5/8/5b1p/7B/6K1 w - - 0 69,c5c6,578
8/4k3/2PR4/8/8/5b1p/7B/6K1 b - - 0 69,f3g2,569
8/4k3/2PR4/8/8/7p/6bB/6K1 w - - 1 70,h2g3,573
8/4k3/2PR4/8/8/6Bp/6b1/6K1 b - - 2 70,g2f3,566
8/4k3/2PR4/8/8/5bBp/8/6K1 w - - 3 71,c6c7,574
8/2P1k3/3R4/8/8/5bBp/8/6K1 b - - 0 71,e7f7,579
8/2P2k2/3R4/8/8/5bBp/8/6K1 w - - 1 72,c7c8q,4135
2Q5/5k2/3R4/8/8/5bBp/8/6K1 b - - 0 72,f3g4,6
2Q5/5k2/3R4/8/6b1/6Bp/8/6K1 w - - 1 73,c8c7,5
8/2Q2k2/3R4/8/6b1/6Bp/8/6K1 b - - 2 73,g4d7,4
8/2Qb1k2/3R4/8/8/6Bp/8/6K1 w - - 3 74,c7d7,6
8/3Q1k2/3R4/8/8/6Bp/8/6K1 b - - 0 74,f7f8,3
5k2/3Q4/3R4/8/8/6Bp/8/6K1 w - - 1 75,d6f6,3
5k2/3Q4/5R2/8/8/6Bp/8/6K1 b - - 2 75,f8g8,3
6k1/3Q4/5R2/8/8/6Bp/8/6K1 w - - 3 76,f6g6,2
6k1/3Q4/6R1/8/8/6Bp/8/6K1 b - - 4 76,g8f8,1
5k2/3Q4/6R1/8/8/6Bp/8/6K1 w - - 5 77,g3d6,1
r1bqkbnr/ppp1pp1p/n2p2p1/8/2P3P1/3P4/PP2PP1P/RNBQKBNR w KQkq - 0 4,e2e4,-26
r1bqkbnr/ppp1pp1p/n2p2p1/8/2P1P1P1/3P4/PP3P1P/RNBQKBNR b KQkq - 0 4,e7e5,-34
r1bqkbnr/ppp2p1p/n2p2p1/4p3/2P1P1P1/3P4/PP3P1P/RNBQKBNR w KQkq - 0 5,b1c3,-10
r1bqkbnr/ppp2p1p/n2p2p1/4p3/2P1P1P1/2NP4/PP3P1P/R1BQKBNR b KQkq - 1 5,h7h5,-7
r1bqkbnr/ppp2p2/n2p2p1/4p2p/2P1P1P1/2NP4/PP3P1P/R1BQKBNR w KQkq - 0 6,g4h5,-7
r1bqkbnr/ppp2p2/n2p2p1/4p2P/2P1P3/2NP4/PP3P1P/R1BQKBNR b KQkq - 0 6,h8h5,-14
r1bqkbn1/ppp2p2/n2p2p1/4p2r/2P1P3/2NP4/PP3P1P/R1BQKBNR w KQq - 0 7,f1e2,-8
r1bqkbn1/ppp2p2/n2p2p1/4p2r/2P1P3/2NP4/PP2BP1P/R1BQK1NR b KQq - 1 7,h5h8,-7
r1bqkbnr/ppp2p2/n2p2p1/4p3/2P1P3/2NP4/PP2BP1P/R1BQK1NR w KQq - 2 8,g1f3,-5
r1bqkbnr/ppp2p2/n2p2p1/4p3/2P1P3/2NP1N2/PP2BP1P/R1BQK2R b KQq - 3 8,c8g4,-40
r2qkbnr/ppp2p2/n2p2p1/4p3/2P1P1b1/2NP1N2/PP2BP1P/R1BQK2R w KQq - 4 9,d3d4,-23
r2qkbnr/ppp2p2/n2p2p1/4p3/2PPP1b1/2N2N2/PP2BP1P/R1BQK2R b KQq - 0 9,g4f3,-75
r2qkbnr/ppp2p2/n2p2p1/4p3/2PPP3/2N2b2/PP2BP1P/R1BQK2R w KQq - 0 10,e2f3,-84
r2qkbnr/ppp2p2/n2p2p1/4p3/2PPP3/2N2B2/PP3P1P/R1BQK2R b KQq - 0 10,f8h6,-64
r2qk1nr/ppp2p2/n2p2pb/4p3/2PPP3/2N2B2/PP3P1P/R1BQK2R w KQq - 1 11,d4e5,-11
r2qk1nr/ppp2p2/n2p2pb/4P3/2P1P3/2N2B2/PP3P1P/R1BQK2R b KQq - 0 11,h6c1,-50
r2qk1nr/ppp2p2/n2p2p1/4P3/2P1P3/2N2B2/PP3P1P/R1bQK2R w KQq - 0 12,a1c1,-99
r2qk1nr/ppp2p2/n2p2p1/4P3/2P1P3/2N2B2/PP3P1P/2RQK2R b Kq - 0 12,d6e5,-56
r2qk1nr/ppp2p2/n5p1/4p3/2P1P3/2N2B2/PP3P1P/2RQK2R w Kq - 0 13,d1b3,-17
r2qk1nr/ppp2p2/n5p1/4p3/2P1P3/1QN2B2/PP3P1P/2R1K2R b Kq - 1 13,e8f8,-42
r2q1knr/ppp2p2/n5p1/4p3/2P1P3/1QN2B2/PP3P1P/2R1K2R w K - 2 14,c1d1,-13
r2q1knr/ppp2p2/n5p1/4p3/2P1P3/1QN2B2/PP3P1P/3RK2R b K - 3 14,d8b8,-23
rq3knr/ppp2p2/n5p1/4p3/2P1P3/1QN2B2/PP3P1P/3RK2R w K - 4 15,h2h4,-15
rq3knr/ppp2p2/n5p1/4p3/2P1P2P/1QN2B2/PP3P2/3RK2R b K - 0 15,c7c6,-20
rq3knr/pp3p2/n1p3p1/4p3/2P1P2P/1QN2B2/PP3P2/3RK2R w K - 0 16,c3a4,-25
rq3knr/pp3p2/n1p3p1/4p3/N1P1P2P/1Q3B2/PP3P2/3RK2R b K - 1 16,b8c7,-57
r4knr/ppq2p2/n1p3p1/4p3/N1P1P2P/1Q3B2/PP3P2/3RK2R w K - 2 17,h4h5,-56
r4knr/ppq2p2/n1p3p1/4p2P/N1P1P3/1Q3B2/PP3P2/3RK2R b K - 0 17,g8f6,-44
r4k1r/ppq2p2/n1p2np1/4p2P/N1P1P3/1Q3B2/PP3P2/3RK2R w K - 1 18,h5g6,-39
r4k1r/ppq2p2/n1p2nP1/4p3/N1P1P3/1Q3B2/PP3P2/3RK2R b K - 0 18,h8h1,-50
r4k2/ppq2p2/n1p2nP1/4p3/N1P1P3/1Q3B2/PP3P2/3RK2r w - - 0 19,f3h1,-28
r4k2/ppq2p2/n1p2nP1/4p3/N1P1P3/1Q6/PP3P2/3RK2B b - - 0 19,f7g6,-43
r4k2/ppq5/n1p2np1/4p3/N1P1P3/1Q6/PP3P2/3RK2B w - - 0 20,h1f3,-48
r4k2/ppq5/n1p2np1/4p3/N1P1P3/1Q3B2/PP3P2/3RK3 b - - 1 20,f8g7,-60
r7/ppq3k1/n1p2np1/4p3/N1P1P3/1Q3B2/PP3P2/3RK3 w - - 2 21,a2a3,-54
r7/ppq3k1/n1p2np1/4p3/N1P1P3/PQ3B2/1P3P2/3RK3 b - - 0 21,a8h8,-58
7r/ppq3k1/n1p2np1/4p3/N1P1P3/PQ3B2/1P3P2/3RK3 w - - 1 22,c4c5,-52
7r/ppq3k1/n1p2np1/2P1p3/N3P3/PQ3B2/1P3P2/3RK3 b - - 0 22,c7e7,-108
7r/pp2q1k1/n1p2np1/2P1p3/N3P3/PQ3B2/1P3P2/3RK3 w - - 1 23,f3g2,-105
7r/pp2q1k1/n1p2np1/2P1p3/N3P3/PQ6/1P3PB1/3RK3 b - - 2 23,h8h4,-113
8/pp2q1k1/n1p2np1/2P1p3/N3P2r/PQ6/1P3PB1/3RK3 w - - 3 24,d1d3,-103
8/pp2q1k1/n1p2np1/2P1p3/N3P2r/PQ1R4/1P3PB1/4K3 b - - 4 24,f6e4,-162
8/pp2q1k1/n1p3p1/2P1p3/N3n2r/PQ1R4/1P3PB1/4K3 w - - 0 25,g2e4,-197
8/pp2q1k1/n1p3p1/2P1p3/N3B2r/PQ1R4/1P3P2/4K3 b - - 0 25,h4e4,-161
8/pp2q1k1/n1p3p1/2P1p3/N3r3/PQ1R4/1P3P2/4K3 w - - 0 26,e1f1,-137
8/pp2q1k1/n1p3p1/2P1p3/N3r3/PQ1R4/1P3P2/5K2 b - - 1 26,e4f4,-175
8/pp2q1k1/n1p3p1/2P1p3/N4r2/PQ1R4/1P3P2/5K2 w - - 2 27,d3g3,-179
8/pp2q1k1/n1p3p1/2P1p3/N4r2/PQ4R1/1P3P2/5K2 b - - 3 27,a6c7,-185
8/ppn1q1k1/2p3p1/2P1p3/N4r2/PQ4R1/1P3P2/5K2 w - - 4 28,a4c3,-211
8/ppn1q1k1/2p3p1/2P1p3/5r2/PQN3R1/1P3P2/5K2 b - - 5 28,e7c5,-324
8/ppn3k1/2p3p1/2q1p3/5r2/PQN3R1/1P3P2/5K2 w - - 0 29,b3c2,-252
8/ppn3k1/2p3p1/2q1p3/5r2/P1N3R1/1PQ2P2/5K2 b - - 1 29,c5c4,-239
8/ppn3k1/2p3p1/4p3/2q2r2/P1N3R1/1PQ2P2/5K2 w - - 2 30,f1e1,-264
8/ppn3k1/2p3p1/4p3/2q2r2/P1N3R1/1PQ2P2/4K3 b - - 3 30,c4e6,-279
8/ppn3k1/2p1q1p1/4p3/5r2/P1N3R1/1PQ2P2/4K3 w - - 4 31,g3d3,-261
8/ppn3k1/2p1q1p1/4p3/5r2/P1NR4/1PQ2P2/4K3 b - - 5 31,e6g4,-269
8/ppn3k1/2p3p1/4p3/5rq1/P1NR4/1PQ2P2/4K3 w - - 6 32,c2e2,-244
8/ppn3k1/2p3p1/4p3/5rq1/P1NR4/1P2QP2/4K3 b - - 7 32,g4g1,-257
8/ppn3k1/2p3p1/4p3/5r2/P1NR4/1P2QP2/4K1q1 w - - 8 33,e2f1,-248
8/ppn3k1/2p3p1/4p3/5r2/P1NR4/1P3P2/4KQq1 b - - 9 33,g1f1,-283
8/ppn3k1/2p3p1/4p3/5r2/P1NR4/1P3P2/4Kq2 w - - 0 34,e1f1,-266
8/ppn3k1/2p3p1/4p3/5r2/P1NR4/1P3P2/5K2 b - - 0 34,f4d4,-257
8/ppn3k1/2p3p1/4p3/3r4/P1NR4/1P3P2/5K2 w - - 1 35,d3e3,-225
8/ppn3k1/2p3p1/4p3/3r4/P1N1R3/1P3P2/5K2 b - - 2 35,g7f6,-303
8/ppn5/2p2kp1/4p3/3r4/P1N1R3/1P3P2/5K2 w - - 3 36,e3h3,-270
8/ppn5/2p2kp1/4p3/3r4/P1N4R/1P3P2/5K2 b - - 4 36,c7e8,-293
4n3/pp6/2p2kp1/4p3/3r4/P1N4R/1P3P2/5K2 w - - 5 37,h3f3,-272
4n3/pp6/2p2kp1/4p3/3r4/P1N2R2/1P3P2/5K2 b - - 6 37,f6e6,-239
4n3/pp6/2p1k1p1/4p3/3r4/P1N2R2/1P3P2/5K2 w - - 7 38,f3g3,-291
4n3/pp6/2p1k1p1/4p3/3r4/P1N3R1/1P3P2/5K2 b - - 8 38,e6f7,-294
4n3/pp3k2/2p3p1/4p3/3r4/P1N3R1/1P3P2/5K2 w - - 9 39,g3e3,-279
4n3/pp3k2/2p3p1/4p3/3r4/P1N1R3/1P3P2/5K2 b - - 10 39,f7e6,-285
4n3/pp6/2p1k1p1/4p3/3r4/P1N1R3/1P3P2/5K2 w - - 11 40,e3g3,-248
4n3/pp6/2p1k1p1/4p3/3r4/P1N3R1/1P3P2/5K2 b - - 12 40,e6f6,-296
4n3/pp6/2p2kp1/4p3/3r4/P1N3R1/1P3P2/5K2 w - - 13 41,g3f3,-248
4n3/pp6/2p2kp1/4p3/3r4/P1N2R2/1P3P2/5K2 b - - 14 41,f6g7,-282
4n3/pp4k1/2p3p1/4p3/3r4/P1N2R2/1P3P2/5K2 w - - 15 42,f3e3,-299
4n3/pp4k1/2p3p1/4p3/3r4/P1N1R3/1P3P2/5K2 b - - 16 42,g7f6,-272
4n3/pp6/2p2kp1/4p3/3r4/P1N1R3/1P3P2/5K2 w - - 17 43,f1e2,-318
4n3/pp6/2p2kp1/4p3/3r4/P1N1R3/1P2KP2/8 b - - 18 43,e8d6,-346
8/pp6/2pn1kp1/4p3/3r4/P1N1R3/1P2KP2/8 w - - 19 44,e3h3,-346
8/pp6/2pn1kp1/4p3/3r4/P1N4R/1P2KP2/8 b - - 20 44,f6g7,-313
8/pp4k1/2pn2p1/4p3/3r4/P1N4R/1P2KP2/8 w - - 21 45,h3e3,-346
8/pp4k1/2pn2p1/4p3/3r4/P1N1R3/1P2KP2/8 b - - 22 45,d6c4,-392
8/pp4k1/2p3p1/4p3/2nr4/P1N1R3/1P2KP2/8 w - - 23 46,e3e4,-409
8/pp4k1/2p3p1/4p3/2nrR3/P1N5/1P2KP2/8 b - - 24 46,g7f6,-414
8/pp6/2p2kp1/4p3/2nrR3/P1N5/1P2KP2/8 w - - 25 47,e4d4,-397
8/pp6/2p2kp1/4p3/2nR4/P1N5/1P2KP2/8 b - - 0 47,e5d4,-451
8/pp6/2p2kp1/8/2np4/P1N5/1P2KP2/8 w - - 0 48,c3a4,-454
8/pp6/2p2kp1/8/N1np4/P7/1P2KP2/8 b - - 1 48,f6e5,-454
8/pp6/2p3p1/4k3/N1np4/P7/1P2KP2/8 w - - 2 49,e2d3,-464
8/pp6/2p3p1/4k3/N1np4/P2K4/1P3P2/8 b - - 3 49,e5d5,-501
8/pp6/2p3p1/3k4/N1np4/P2K4/1P3P2/8 w - - 4 50,f2f4,-480
8/pp6/2p3p1/3k4/N1np1P2/P2K4/1P6/8 b - - 0 50,b7b5,-518
8/p7/2p3p1/1p1k4/N1np1P2/P2K4/1P6/8 w - - 0 51,d3c2,-542
8/p7/2p3p1/1p1k4/N1np1P2/P7/1PK5/8 b - - 1 51,b5a4,-594
8/p7/2p3p1/3k4/p1np1P2/P7/1PK5/8 w - - 0 52,c2b1,-570
8/p7/2p3p1/3k4/p1np1P2/P7/1P6/1K6 b - - 1 52,c4e3,-639
8/p7/2p3p1/3k4/p2p1P2/P3n3/1P6/1K6 w - - 2 53,b1c1,-620
8/p7/2p3p1/3k4/p2p1P2/P3n3/1P6/2K5 b - - 3 53,a7a5,-639
8/8/2p3p1/p2k4/p2p1P2/P3n3/1P6/2K5 w - - 0 54,c1b1,-616
8/8/2p3p1/p2k4/p2p1P2/P3n3/1P6/1K6 b - - 1 54,d5c4,-657
8/8/2p3p1/p7/p1kp1P2/P3n3/1P6/1K6 w - - 2 55,b1a1,-635
8/8/2p3p1/p7/p1kp1P2/P3n3/1P6/K7 b - - 3 55,c6c5,-648
8/8/6p1/p1p5/p1kp1P2/P3n3/1P6/K7 w - - 0 56,a1b1,-615
8/8/6p1/p1p5/p1kp1P2/P3n3/1P6/1K6 b - - 1 56,c4d3,-661
8/8/6p1/p1p5/p2p1P2/P2kn3/1P6/1K6 w - - 2 57,b1a1,-693
8/8/6p1/p1p5/p2p1P2/P2kn3/1P6/K7 b - - 3 57,d3c2,-785
8/8/6p1/p1p5/p2p1P2/P3n3/1Pk5/K7 w - - 4 58,a1a2,-5
8/8/6p1/p1p5/p2p1P2/P3n3/KPk5/8 b - - 5 58,d4d3,-5
8/8/6p1/p1p5/p4P2/P2pn3/KPk5/8 w - - 0 59,a2a1,-4
8/8/6p1/p1p5/p4P2/P2pn3/1Pk5/K7 b - - 1 59,d3d2,-4
8/8/6p1/p1p5/p4P2/P3n3/1Pkp4/K7 w - - 0 60,a1a2,-3
8/8/6p1/p1p5/p4P2/P3n3/KPkp4/8 b - - 1 60,d2d1r,-3
8/8/6p1/p1p5/p4P2/P3n3/KPk5/3r4 w - - 0 61,f4f5,-2
8/8/6p1/p1p2P2/p7/P3n3/KPk5/3r4 b - - 0 61,g6f5,-2
8/8/8/p1p2p2/p7/P3n3/KPk5/3r4 w - - 0 62,b2b3,-1
8/8/8/p1p2p2/p7/PP2n3/K1k5/3r4 b - - 0 62,a4b3,-1
rnbqk1nr/1ppp1p1p/7b/p3p1p1/2P3PP/NP1PP3/P2K1P2/R1BQ1BNR w k - 1 9,h4g5,166
rnbqk1nr/1ppp1p1p/7b/p3p1P1/2P3P1/NP1PP3/P2K1P2/R1BQ1BNR b k - 0 9,d8g5,150
rnb1k1nr/1ppp1p1p/7b/p3p1q1/2P3P1/NP1PP3/P2K1P2/R1BQ1BNR w k - 0 10,a3b5,152
rnb1k1nr/1ppp1p1p/7b/pN2p1q1/2P3P1/1P1PP3/P2K1P2/R1BQ1BNR b k - 1 10,b8a6,147
r1b1k1nr/1ppp1p1p/n6b/pN2p1q1/2P3P1/1P1PP3/P2K1P2/R1BQ1BNR w k - 2 11,g1f3,153
r1b1k1nr/1ppp1p1p/n6b/pN2p1q1/2P3P1/1P1PPN2/P2K1P2/R1BQ1B1R b k - 3 11,g5g7,145
r1b1k1nr/1ppp1pqp/n6b/pN2p3/2P3P1/1P1PPN2/P2K1P2/R1BQ1B1R w k - 4 12,g4g5,219
r1b1k1nr/1ppp1pqp/n6b/pN2p1P1/2P5/1P1PPN2/P2K1P2/R1BQ1B1R b k - 0 12,h6g5,216
r1b1k1nr/1ppp1pqp/n7/pN2p1b1/2P5/1P1PPN2/P2K1P2/R1BQ1B1R w k - 0 13,f3g5,213
r1b1k1nr/1ppp1pqp/n7/pN2p1N1/2P5/1P1PP3/P2K1P2/R1BQ1B1R b k - 0 13,g7g5,200
r1b1k1nr/1ppp1p1p/n7/pN2p1q1/2P5/1P1PP3/P2K1P2/R1BQ1B1R w k - 0 14,c1b2,215
r1b1k1nr/1ppp1p1p/n7/pN2p1q1/2P5/1P1PP3/PB1K1P2/R2Q1B1R b k - 1 14,d7d6,235
r1b1k1nr/1pp2p1p/n2p4/pN2p1q1/2P5/1P1PP3/PB1K1P2/R2Q1B1R w k - 0 15,f2f4,278
r1b1k1nr/1pp2p1p/n2p4/pN2p1q1/2P2P2/1P1PP3/PB1K4/R2Q1B1R b k - 0 15,g5g7,236
r1b1k1nr/1pp2pqp/n2p4/pN2p3/2P2P2/1P1PP3/PB1K4/R2Q1B1R w k - 1 16,d1f3,242
r1b1k1nr/1pp2pqp/n2p4/pN2p3/2P2P2/1P1PPQ2/PB1K4/R4B1R b k - 2 16,g8e7,246
r1b1k2r/1pp1npqp/n2p4/pN2p3/2P2P2/1P1PPQ2/PB1K4/R4B1R w k - 3 17,f1e2,270
r1b1k2r/1pp1npqp/n2p4/pN2p3/2P2P2/1P1PPQ2/PB1KB3/R6R b k - 4 17,e7c6,282
r1b1k2r/1pp2pqp/n1np4/pN2p3/2P2P2/1P1PPQ2/PB1KB3/R6R w k - 5 18,a1g1,276
r1b1k2r/1pp2pqp/n1np4/pN2p3/2P2P2/1P1PPQ2/PB1KB3/6RR b k - 6 18,g7f8,304
r1b1kq1r/1pp2p1p/n1np4/pN2p3/2P2P2/1P1PPQ2/PB1KB3/6RR w k - 7 19,f4e5,356
r1b1kq1r/1pp2p1p/n1np4/pN2P3/2P5/1P1PPQ2/PB1KB3/6RR b k - 0 19,c6e5,308
r1b1kq1r/1pp2p1p/n2p4/pN2n3/2P5/1P1PPQ2/PB1KB3/6RR w k - 0 20,f3f6,294
r1b1kq1r/1pp2p1p/n2p1Q2/pN2n3/2P5/1P1PP3/PB1KB3/6RR b k - 1 20,c8e6,385
r3kq1r/1pp2p1p/n2pbQ2/pN2n3/2P5/1P1PP3/PB1KB3/6RR w k - 2 21,d3d4,342
r3kq1r/1pp2p1p/n2pbQ2/pN2n3/2PP4/1P2P3/PB1KB3/6RR b k - 0 21,e5d7,351
r3kq1r/1ppn1p1p/n2pbQ2/pN6/2PP4/1P2P3/PB1KB3/6RR w k - 1 22,f6f3,352
r3kq1r/1ppn1p1p/n2pb3/pN6/2PP4/1P2PQ2/PB1KB3/6RR b k - 2 22,a5a4,317
r3kq1r/1ppn1p1p/n2pb3/1N6/p1PP4/1P2PQ2/PB1KB3/6RR w k - 0 23,d4d5,353
r3kq1r/1ppn1p1p/n2pb3/1N1P4/p1P5/1P2PQ2/PB1KB3/6RR b k - 0 23,d7e5,504
r3kq1r/1pp2p1p/n2pb3/1N1Pn3/p1P5/1P2PQ2/PB1KB3/6RR w k - 1 24,b2e5,411
r3kq1r/1pp2p1p/n2pb3/1N1PB3/p1P5/1P2PQ2/P2KB3/6RR b k - 0 24,d6e5,483
r3kq1r/1pp2p1p/n3b3/1N1Pp3/p1P5/1P2PQ2/P2KB3/6RR w k - 0 25,d5e6,485
r3kq1r/1pp2p1p/n3P3/1N2p3/p1P5/1P2PQ2/P2KB3/6RR b k - 0 25,a4b3,452
r3kq1r/1pp2p1p/n3P3/1N2p3/2P5/1p2PQ2/P2KB3/6RR w k - 0 26,e6f7,460
r3kq1r/1pp2P1p/n7/1N2p3/2P5/1p2PQ2/P2KB3/6RR b k - 0 26,f8f7,461
r3k2r/1pp2q1p/n7/1N2p3/2P5/1p2PQ2/P2KB3/6RR w k - 0 27,f3f7,454
r3k2r/1pp2Q1p/n7/1N2p3/2P5/1p2P3/P2KB3/6RR b k - 0 27,e8f7,421
r6r/1pp2k1p/n7/1N2p3/2P5/1p2P3/P2KB3/6RR w - - 0 28,a2b3,441
r6r/1pp2k1p/n7/1N2p3/2P5/1P2P3/3KB3/6RR b - - 0 28,a8d8,471
3r3r/1pp2k1p/n7/1N2p3/2P5/1P2P3/3KB3/6RR w - - 1 29,d2c1,442
3r3r/1pp2k1p/n7/1N2p3/2P5/1P2P3/4B3/2K3RR b - - 2 29,d8g8,464
6rr/1pp2k1p/n7/1N2p3/2P5/1P2P3/4B3/2K3RR w - - 3 30,g1g8,502
6Rr/1pp2k1p/n7/1N2p3/2P5/1P2P3/4B3/2K4R b - - 0 30,h8g8,458
6r1/1pp2k1p/n7/1N2p3/2P5/1P2P3/4B3/2K4R w - - 0 31,b5c3,469
6r1/1pp2k1p/n7/4p3/2P5/1PN1P3/4B3/2K4R b - - 1 31,g8g3,439
8/1pp2k1p/n7/4p3/2P5/1PN1P1r1/4B3/2K4R w - - 2 32,c1d2,459
8/1pp2k1p/n7/4p3/2P5/1PN1P1r1/3KB3/7R b - - 3 32,f7g6,455
8/1pp4p/n5k1/4p3/2P5/1PN1P1r1/3KB3/7R w - - 4 33,e2d3,477
8/1pp4p/n5k1/4p3/2P5/1PNBP1r1/3K4/7R b - - 5 33,g6g7,480
8/1pp3kp/n7/4p3/2P5/1PNBP1r1/3K4/7R w - - 6 34,d3e4,480
8/1pp3kp/n7/4p3/2P1B3/1PN1P1r1/3K4/7R b - - 7 34,h7h6,444
8/1pp3k1/n6p/4p3/2P1B3/1PN1P1r1/3K4/7R w - - 0 35,c3e2,445
8/1pp3k1/n6p/4p3/2P1B3/1P2P1r1/3KN3/7R b - - 1 35,g3g5,457
8/1pp3k1/n6p/4p1r1/2P1B3/1P2P3/3KN3/7R w - - 2 36,e4b7,443
8/1Bp3k1/n6p/4p1r1/2P5/1P2P3/3KN3/7R b - - 0 36,a6c5,417
8/1Bp3k1/7p/2n1p1r1/2P5/1P2P3/3KN3/7R w - - 1 37,b7d5,433
8/2p3k1/7p/2nBp1r1/2P5/1P2P3/3KN3/7R b - - 2 37,c5b3,450
8/2p3k1/7p/3Bp1r1/2P5/1n2P3/3KN3/7R w - - 0 38,d2c3,430
8/2p3k1/7p/3Bp1r1/2P5/1nK1P3/4N3/7R b - - 1 38,b3c5,466
8/2p3k1/7p/2nBp1r1/2P5/2K1P3/4N3/7R w - - 2 39,h1a1,460
8/2p3k1/7p/2nBp1r1/2P5/2K1P3/4N3/R7 b - - 3 39,g5g6,442
8/2p3k1/6rp/2nBp3/2P5/2K1P3/4N3/R7 w - - 4 40,a1a7,433
8/R1p3k1/6rp/2nBp3/2P5/2K1P3/4N3/8 b - - 5 40,c5e6,445
8/R1p3k1/4n1rp/3Bp3/2P5/2K1P3/4N3/8 w - - 6 41,d5e6,431
8/R1p3k1/4B1rp/4p3/2P5/2K1P3/4N3/8 b - - 0 41,g6e6,439
8/R1p3k1/4r2p/4p3/2P5/2K1P3/4N3/8 w - - 0 42,a7c7,425
8/2R3k1/4r2p/4p3/2P5/2K1P3/4N3/8 b - - 0 42,g7g6,415
8/2R5/4r1kp/4p3/2P5/2K1P3/4N3/8 w - - 1 43,c4c5,441
8/2R5/4r1kp/2P1p3/8/2K1P3/4N3/8 b - - 0 43,h6h5,445
8/2R5/4r1k1/2P1p2p/8/2K1P3/4N3/8 w - - 0 44,c7c8,448
2R5/8/4r1k1/2P1p2p/8/2K1P3/4N3/8 b - - 1 44,h5h4,439
2R5/8/4r1k1/2P1p3/7p/2K1P3/4N3/8 w - - 0 45,c3c4,448
2R5/8/4r1k1/2P1p3/2K4p/4P3/4N3/8 b - - 1 45,g6g7,457
2R5/6k1/4r3/2P1p3/2K4p/4P3/4N3/8 w - - 2 46,c8a8,450
R7/6k1/4r3/2P1p3/2K4p/4P3/4N3/8 b - - 3 46,e6h6,455
R7/6k1/7r/2P1p3/2K4p/4P3/4N3/8 w - - 4 47,a8a1,433
8/6k1/7r/2P1p3/2K4p/4P3/4N3/R7 b - - 5 47,h4h3,454
8/6k1/7r/2P1p3/2K5/4P2p/4N3/R7 w - - 0 48,a1h1,457
8/6k1/7r/2P1p3/2K5/4P2p/4N3/7R b - - 1 48,g7f6,446
8/8/5k1r/2P1p3/2K5/4P2p/4N3/7R w - - 2 49,c4d5,463
8/8/5k1r/2PKp3/8/4P2p/4N3/7R b - - 3 49,h3h2,439
8/8/5k1r/2PKp3/8/4P3/4N2p/7R w - - 0 50,e2g3,457
8/8/5k1r/2PKp3/8/4P1N1/7p/7R b - - 1 50,h6h8,444
7r/8/5k2/2PKp3/8/4P1N1/7p/7R w - - 2 51,c5c6,457
7r/8/2P2k2/3Kp3/8/4P1N1/7p/7R b - - 0 51,h8d8,477
3r4/8/2P2k2/3Kp3/8/4P1N1/7p/7R w - - 1 52,d5c5,561
3r4/8/2P2k2/2K1p3/8/4P1N1/7p/7R b - - 2 52,d8c8,493
2r5/8/2P2k2/2K1p3/8/4P1N1/7p/7R w - - 3 53,h1h2,630
2r5/8/2P2k2/2K1p3/8/4P1N1/7R/8 b - - 0 53,f6e7,651
2r5/4k3/2P5/2K1p3/8/4P1N1/7R/8 w - - 1 54,h2h7,581
2r5/4k2R/2P5/2K1p3/8/4P1N1/8/8 b - - 2 54,e7e6,582
2r5/7R/2P1k3/2K1p3/8/4P1N1/8/8 w - - 3 55,h7h6,671
2r5/8/2P1k2R/2K1p3/8/4P1N1/8/8 b - - 4 55,e6e7,663
2r5/4k3/2P4R/2K1p3/8/4P1N1/8/8 w - - 5 56,g3f5,652
2r5/4k3/2P4R/2K1pN2/8/4P3/8/8 b - - 6 56,e7f7,717
2r5/5k2/2P4R/2K1pN2/8/4P3/8/8 w - - 7 57,f5d6,689
2r5/5k2/2PN3R/2K1p3/8/4P3/8/8 b - - 8 57,f7g7,707
2r5/6k1/2PN3R/2K1p3/8/4P3/8/8 w - - 9 58,d6c8,724
2N5/6k1/2P4R/2K1p3/8/4P3/8/8 b - - 0 58,g7h6,720
2N5/8/2P4k/2K1p3/8/4P3/8/8 w - - 0 59,c8e7,764
8/4N3/2P4k/2K1p3/8/4P3/8/8 b - - 1 59,h6g5,745
8/4N3/2P5/2K1p1k1/8/4P3/8/8 w - - 2 60,c6c7,750
8/2P1N3/8/2K1p1k1/8/4P3/8/8 b - - 0 60,g5f6,711
8/2P1N3/5k2/2K1p3/8/4P3/8/8 w - - 1 61,e7d5,776
8/2P5/5k2/2KNp3/8/4P3/8/8 b - - 2 61,f6g6,780
8/2P5/6k1/2KNp3/8/4P3/8/8 w - - 3 62,e3e4,3799
8/2P5/6k1/2KNp3/4P3/8/8/8 b - - 0 62,g6g7,3839
8/2P3k1/8/2KNp3/4P3/8/8/8 w - - 1 63,c7c8q,3832
2Q5/6k1/8/2KNp3/4P3/8/8/8 b - - 0 63,g7h6,3867
2Q5/8/7k/2KNp3/4P3/8/8/8 w - - 1 64,c8h8,3862
7Q/8/7k/2KNp3/4P3/8/8/8 b - - 2 64,h6g5,3876
7Q/8/8/2KNp1k1/4P3/8/8/8 w - - 3 65,h8f6,4528
8/8/5Q2/2KNp1k1/4P3/8/8/8 b - - 4 65,g5h5,3867
8/8/5Q2/2KNp2k/4P3/8/8/8 w - - 5 66,f6e5,4531
8/8/8/2KNQ2k/4P3/8/8/8 b - - 0 66,h5g4,4529
8/8/8/2KNQ3/4P1k1/8/8/8 w - - 1 67,e5g7,4515
8/6Q1/8/2KN4/4P1k1/8/8/8 b - - 2 67,g4f3,4483
8/6Q1/8/2KN4/4P3/5k2/8/8 w - - 3 68,c5d4,4534
8/6Q1/8/3N4/3KP3/5k2/8/8 b - - 4 68,f3e2,4534
8/6Q1/8/3N4/3KP3/8/4k3/8 w - - 5 69,g7g2,4533
8/8/8/3N4/3KP3/8/4k1Q1/8 b - - 6 69,e2d1,5
8/8/8/3N4/3KP3/8/6Q1/3k4 w - - 7 70,d4d3,2
8/8/8/3N4/4P3/3K4/6Q1/3k4 b - - 8 70,d1c1,1
8/8/8/3N4/4P3/3K4/6Q1/2k5 w - - 9 71,g2c2,1
